1.	voestes

2.	mubpie

3.	gåalmede

4.	njealjede

5.	vijhtede

6.	govhtede

7.	tjïjhtjede

8.	gaaktsede

9.	åktsede

10.	låhkede

11.	luhkievoestes

12.	luhkiemubpie

13.	luhkiegåalmede

14.	luhkienjealjede

15.	luhkievijhtede

16.	luhkiegovhtede

17.	luhkietjïjhtjede

18.	luhkiegaaktsede

19.	luhkieåktsede

20.	göökteluhkede

21.	göökteluhkievoestes

22.	göökteluhkiemubpie

23.	göökteluhkiegåalmede

24.	göökteluhkienjealjede

25.	göökteluhkievijhtede

26.	göökteluhkiegovhtede

27.	göökteluhkietjïjhtjede

28.	göökteluhkiegaaktsede

29.	göökteluhkieåktsede

30.	golmeluhkede

31.	golmeluhkievoestes

32.	golmeluhkiemubpie

33.	golmeluhkiegåalmede

34.	golmeluhkienjealjede

35.	golmeluhkievijhtede

36.	golmeluhkiegovhtede

37.	golmeluhkietjïjhtjede

38.	golmeluhkiegaaktsede

39.	golmeluhkieåktsede

40.	njieljieluhkede
40.	njieljeluhkede
40.	nieljieluhkede
40.	nieljeluhkede

41.	njieljieluhkievoestes
41.	njieljeluhkievoestes
41.	nieljieluhkievoestes
41.	nieljeluhkievoestes

42.	njieljieluhkiemubpie
42.	njieljeluhkiemubpie
42.	nieljieluhkiemubpie
42.	nieljeluhkiemubpie

43.	njieljieluhkiegåalmede
43.	njieljeluhkiegåalmede
43.	nieljieluhkiegåalmede
43.	nieljeluhkiegåalmede

44.	njieljieluhkienjealjede
44.	njieljeluhkienjealjede
44.	nieljieluhkienjealjede
44.	nieljeluhkienjealjede

45.	njieljieluhkievijhtede
45.	njieljeluhkievijhtede
45.	nieljieluhkievijhtede
45.	nieljeluhkievijhtede

46.	njieljieluhkiegovhtede
46.	njieljeluhkiegovhtede
46.	nieljieluhkiegovhtede
46.	nieljeluhkiegovhtede

47.	njieljieluhkietjïjhtjede
47.	njieljeluhkietjïjhtjede
47.	nieljieluhkietjïjhtjede
47.	nieljeluhkietjïjhtjede

48.	njieljieluhkiegaaktsede
48.	njieljeluhkiegaaktsede
48.	nieljieluhkiegaaktsede
48.	nieljeluhkiegaaktsede

49.	njieljieluhkieåktsede
49.	njieljeluhkieåktsede
49.	nieljieluhkieåktsede
49.	nieljeluhkieåktsede

50.	vïjhteluhkede

51.	vïjhteluhkievoestes

52.	vïjhteluhkiemubpie

53.	vïjhteluhkiegåalmede

54.	vïjhteluhkienjealjede

55.	vïjhteluhkievijhtede

56.	vïjhteluhkiegovhtede

57.	vïjhteluhkietjïjhtjede

58.	vïjhteluhkiegaaktsede

59.	vïjhteluhkieåktsede

60.	govhteluhkede

61.	govhteluhkievoestes

62.	govhteluhkiemubpie

63.	govhteluhkiegåalmede

64.	govhteluhkienjealjede

65.	govhteluhkievijhtede

66.	govhteluhkiegovhtede

67.	govhteluhkietjïjhtjede

68.	govhteluhkiegaaktsede

69.	govhteluhkieåktsede

70.	tjïjhtjeluhkede

71.	tjïjhtjeluhkievoestes

72.	tjïjhtjeluhkiemubpie

73.	tjïjhtjeluhkiegåalmede

74.	tjïjhtjeluhkienjealjede

75.	tjïjhtjeluhkievijhtede

76.	tjïjhtjeluhkiegovhtede

77.	tjïjhtjeluhkietjïjhtjede

78.	tjïjhtjeluhkiegaaktsede

79.	tjïjhtjeluhkieåktsede

80.	gaektsieluhkede

81.	gaektsieluhkievoestes

82.	gaektsieluhkiemubpie

83.	gaektsieluhkiegåalmede

84.	gaektsieluhkienjealjede

85.	gaektsieluhkievijhtede

86.	gaektsieluhkiegovhtede

87.	gaektsieluhkietjïjhtjede

88.	gaektsieluhkiegaaktsede

89.	gaektsieluhkieåktsede

90.	uktsieluhkede

91.	uktsieluhkievoestes

92.	uktsieluhkiemubpie

93.	uktsieluhkiegåalmede

94.	uktsieluhkienjealjede

95.	uktsieluhkievijhtede

96.	uktsieluhkiegovhtede

97.	uktsieluhkietjïjhtjede

98.	uktsieluhkiegaaktsede

99.	uktsieluhkieåktsede

100.	tjuatede

101.	tjuetievoestes

102.	tjuetiemubpie

103.	tjuetiegåalmede

104.	tjuetienjealjede

105.	tjuetievijhtede

106.	tjuetiegovhtede

107.	tjuetietjïjhtjede

108.	tjuetiegaaktsede

109.	tjuetieåktsede

110.	tjuetielåhkede

111.	tjuetieluhkievoestes

112.	tjuetieluhkiemubpie

113.	tjuetieluhkiegåalmede

114.	tjuetieluhkienjealjede

115.	tjuetieluhkievijhtede

116.	tjuetieluhkiegovhtede

117.	tjuetieluhkietjïjhtjede

118.	tjuetieluhkiegaaktsede

119.	tjuetieluhkieåktsede

120.	tjuetiegöökteluhkede

121.	tjuetiegöökteluhkievoestes

122.	tjuetiegöökteluhkiemubpie

123.	tjuetiegöökteluhkiegåalmede

124.	tjuetiegöökteluhkienjealjede

125.	tjuetiegöökteluhkievijhtede

126.	tjuetiegöökteluhkiegovhtede

127.	tjuetiegöökteluhkietjïjhtjede

128.	tjuetiegöökteluhkiegaaktsede

129.	tjuetiegöökteluhkieåktsede

130.	tjuetiegolmeluhkede

131.	tjuetiegolmeluhkievoestes

132.	tjuetiegolmeluhkiemubpie

133.	tjuetiegolmeluhkiegåalmede

134.	tjuetiegolmeluhkienjealjede

135.	tjuetiegolmeluhkievijhtede

136.	tjuetiegolmeluhkiegovhtede

137.	tjuetiegolmeluhkietjïjhtjede

138.	tjuetiegolmeluhkiegaaktsede

139.	tjuetiegolmeluhkieåktsede

140.	tjuetienjieljieluhkede
140.	tjuetienjieljeluhkede
140.	tjuetienieljieluhkede
140.	tjuetienieljeluhkede

141.	tjuetienjieljieluhkievoestes
141.	tjuetienjieljeluhkievoestes
141.	tjuetienieljieluhkievoestes
141.	tjuetienieljeluhkievoestes

142.	tjuetienjieljieluhkiemubpie
142.	tjuetienjieljeluhkiemubpie
142.	tjuetienieljieluhkiemubpie
142.	tjuetienieljeluhkiemubpie

143.	tjuetienjieljieluhkiegåalmede
143.	tjuetienjieljeluhkiegåalmede
143.	tjuetienieljieluhkiegåalmede
143.	tjuetienieljeluhkiegåalmede

144.	tjuetienjieljieluhkienjealjede
144.	tjuetienjieljeluhkienjealjede
144.	tjuetienieljieluhkienjealjede
144.	tjuetienieljeluhkienjealjede

145.	tjuetienjieljieluhkievijhtede
145.	tjuetienjieljeluhkievijhtede
145.	tjuetienieljieluhkievijhtede
145.	tjuetienieljeluhkievijhtede

146.	tjuetienjieljieluhkiegovhtede
146.	tjuetienjieljeluhkiegovhtede
146.	tjuetienieljieluhkiegovhtede
146.	tjuetienieljeluhkiegovhtede

147.	tjuetienjieljieluhkietjïjhtjede
147.	tjuetienjieljeluhkietjïjhtjede
147.	tjuetienieljieluhkietjïjhtjede
147.	tjuetienieljeluhkietjïjhtjede

148.	tjuetienjieljieluhkiegaaktsede
148.	tjuetienjieljeluhkiegaaktsede
148.	tjuetienieljieluhkiegaaktsede
148.	tjuetienieljeluhkiegaaktsede

149.	tjuetienjieljieluhkieåktsede
149.	tjuetienjieljeluhkieåktsede
149.	tjuetienieljieluhkieåktsede
149.	tjuetienieljeluhkieåktsede

150.	tjuetievïjhteluhkede

151.	tjuetievïjhteluhkievoestes

152.	tjuetievïjhteluhkiemubpie

153.	tjuetievïjhteluhkiegåalmede

154.	tjuetievïjhteluhkienjealjede

155.	tjuetievïjhteluhkievijhtede

156.	tjuetievïjhteluhkiegovhtede

157.	tjuetievïjhteluhkietjïjhtjede

158.	tjuetievïjhteluhkiegaaktsede

159.	tjuetievïjhteluhkieåktsede

160.	tjuetiegovhteluhkede

161.	tjuetiegovhteluhkievoestes

162.	tjuetiegovhteluhkiemubpie

163.	tjuetiegovhteluhkiegåalmede

164.	tjuetiegovhteluhkienjealjede

165.	tjuetiegovhteluhkievijhtede

166.	tjuetiegovhteluhkiegovhtede

167.	tjuetiegovhteluhkietjïjhtjede

168.	tjuetiegovhteluhkiegaaktsede

169.	tjuetiegovhteluhkieåktsede

170.	tjuetietjïjhtjeluhkede

171.	tjuetietjïjhtjeluhkievoestes

172.	tjuetietjïjhtjeluhkiemubpie

173.	tjuetietjïjhtjeluhkiegåalmede

174.	tjuetietjïjhtjeluhkienjealjede

175.	tjuetietjïjhtjeluhkievijhtede

176.	tjuetietjïjhtjeluhkiegovhtede

177.	tjuetietjïjhtjeluhkietjïjhtjede

178.	tjuetietjïjhtjeluhkiegaaktsede

179.	tjuetietjïjhtjeluhkieåktsede

180.	tjuetiegaektsieluhkede

181.	tjuetiegaektsieluhkievoestes

182.	tjuetiegaektsieluhkiemubpie

183.	tjuetiegaektsieluhkiegåalmede

184.	tjuetiegaektsieluhkienjealjede

185.	tjuetiegaektsieluhkievijhtede

186.	tjuetiegaektsieluhkiegovhtede

187.	tjuetiegaektsieluhkietjïjhtjede

188.	tjuetiegaektsieluhkiegaaktsede

189.	tjuetiegaektsieluhkieåktsede

190.	tjuetieuktsieluhkede

191.	tjuetieuktsieluhkievoestes

192.	tjuetieuktsieluhkiemubpie

193.	tjuetieuktsieluhkiegåalmede

194.	tjuetieuktsieluhkienjealjede

195.	tjuetieuktsieluhkievijhtede

196.	tjuetieuktsieluhkiegovhtede

197.	tjuetieuktsieluhkietjïjhtjede

198.	tjuetieuktsieluhkiegaaktsede

199.	tjuetieuktsieluhkieåktsede

200.	gööktetjuatede

201.	gööktetjuetievoestes

202.	gööktetjuetiemubpie

203.	gööktetjuetiegåalmede

204.	gööktetjuetienjealjede

205.	gööktetjuetievijhtede

206.	gööktetjuetiegovhtede

207.	gööktetjuetietjïjhtjede

208.	gööktetjuetiegaaktsede

209.	gööktetjuetieåktsede

210.	gööktetjuetielåhkede

211.	gööktetjuetieluhkievoestes

212.	gööktetjuetieluhkiemubpie

213.	gööktetjuetieluhkiegåalmede

214.	gööktetjuetieluhkienjealjede

215.	gööktetjuetieluhkievijhtede

216.	gööktetjuetieluhkiegovhtede

217.	gööktetjuetieluhkietjïjhtjede

218.	gööktetjuetieluhkiegaaktsede

219.	gööktetjuetieluhkieåktsede

220.	gööktetjuetiegöökteluhkede

221.	gööktetjuetiegöökteluhkievoestes

222.	gööktetjuetiegöökteluhkiemubpie

223.	gööktetjuetiegöökteluhkiegåalmede

224.	gööktetjuetiegöökteluhkienjealjede

225.	gööktetjuetiegöökteluhkievijhtede

226.	gööktetjuetiegöökteluhkiegovhtede

227.	gööktetjuetiegöökteluhkietjïjhtjede

228.	gööktetjuetiegöökteluhkiegaaktsede

229.	gööktetjuetiegöökteluhkieåktsede

230.	gööktetjuetiegolmeluhkede

231.	gööktetjuetiegolmeluhkievoestes

232.	gööktetjuetiegolmeluhkiemubpie

233.	gööktetjuetiegolmeluhkiegåalmede

234.	gööktetjuetiegolmeluhkienjealjede

235.	gööktetjuetiegolmeluhkievijhtede

236.	gööktetjuetiegolmeluhkiegovhtede

237.	gööktetjuetiegolmeluhkietjïjhtjede

238.	gööktetjuetiegolmeluhkiegaaktsede

239.	gööktetjuetiegolmeluhkieåktsede

240.	gööktetjuetienjieljieluhkede
240.	gööktetjuetienjieljeluhkede
240.	gööktetjuetienieljieluhkede
240.	gööktetjuetienieljeluhkede

241.	gööktetjuetienjieljieluhkievoestes
241.	gööktetjuetienjieljeluhkievoestes
241.	gööktetjuetienieljieluhkievoestes
241.	gööktetjuetienieljeluhkievoestes

242.	gööktetjuetienjieljieluhkiemubpie
242.	gööktetjuetienjieljeluhkiemubpie
242.	gööktetjuetienieljieluhkiemubpie
242.	gööktetjuetienieljeluhkiemubpie

243.	gööktetjuetienjieljieluhkiegåalmede
243.	gööktetjuetienjieljeluhkiegåalmede
243.	gööktetjuetienieljieluhkiegåalmede
243.	gööktetjuetienieljeluhkiegåalmede

244.	gööktetjuetienjieljieluhkienjealjede
244.	gööktetjuetienjieljeluhkienjealjede
244.	gööktetjuetienieljieluhkienjealjede
244.	gööktetjuetienieljeluhkienjealjede

245.	gööktetjuetienjieljieluhkievijhtede
245.	gööktetjuetienjieljeluhkievijhtede
245.	gööktetjuetienieljieluhkievijhtede
245.	gööktetjuetienieljeluhkievijhtede

246.	gööktetjuetienjieljieluhkiegovhtede
246.	gööktetjuetienjieljeluhkiegovhtede
246.	gööktetjuetienieljieluhkiegovhtede
246.	gööktetjuetienieljeluhkiegovhtede

247.	gööktetjuetienjieljieluhkietjïjhtjede
247.	gööktetjuetienjieljeluhkietjïjhtjede
247.	gööktetjuetienieljieluhkietjïjhtjede
247.	gööktetjuetienieljeluhkietjïjhtjede

248.	gööktetjuetienjieljieluhkiegaaktsede
248.	gööktetjuetienjieljeluhkiegaaktsede
248.	gööktetjuetienieljieluhkiegaaktsede
248.	gööktetjuetienieljeluhkiegaaktsede

249.	gööktetjuetienjieljieluhkieåktsede
249.	gööktetjuetienjieljeluhkieåktsede
249.	gööktetjuetienieljieluhkieåktsede
249.	gööktetjuetienieljeluhkieåktsede

250.	gööktetjuetievïjhteluhkede

251.	gööktetjuetievïjhteluhkievoestes

252.	gööktetjuetievïjhteluhkiemubpie

253.	gööktetjuetievïjhteluhkiegåalmede

254.	gööktetjuetievïjhteluhkienjealjede

255.	gööktetjuetievïjhteluhkievijhtede

256.	gööktetjuetievïjhteluhkiegovhtede

257.	gööktetjuetievïjhteluhkietjïjhtjede

258.	gööktetjuetievïjhteluhkiegaaktsede

259.	gööktetjuetievïjhteluhkieåktsede

260.	gööktetjuetiegovhteluhkede

261.	gööktetjuetiegovhteluhkievoestes

262.	gööktetjuetiegovhteluhkiemubpie

263.	gööktetjuetiegovhteluhkiegåalmede

264.	gööktetjuetiegovhteluhkienjealjede

265.	gööktetjuetiegovhteluhkievijhtede

266.	gööktetjuetiegovhteluhkiegovhtede

267.	gööktetjuetiegovhteluhkietjïjhtjede

268.	gööktetjuetiegovhteluhkiegaaktsede

269.	gööktetjuetiegovhteluhkieåktsede

270.	gööktetjuetietjïjhtjeluhkede

271.	gööktetjuetietjïjhtjeluhkievoestes

272.	gööktetjuetietjïjhtjeluhkiemubpie

273.	gööktetjuetietjïjhtjeluhkiegåalmede

274.	gööktetjuetietjïjhtjeluhkienjealjede

275.	gööktetjuetietjïjhtjeluhkievijhtede

276.	gööktetjuetietjïjhtjeluhkiegovhtede

277.	gööktetjuetietjïjhtjeluhkietjïjhtjede

278.	gööktetjuetietjïjhtjeluhkiegaaktsede

279.	gööktetjuetietjïjhtjeluhkieåktsede

280.	gööktetjuetiegaektsieluhkede

281.	gööktetjuetiegaektsieluhkievoestes

282.	gööktetjuetiegaektsieluhkiemubpie

283.	gööktetjuetiegaektsieluhkiegåalmede

284.	gööktetjuetiegaektsieluhkienjealjede

285.	gööktetjuetiegaektsieluhkievijhtede

286.	gööktetjuetiegaektsieluhkiegovhtede

287.	gööktetjuetiegaektsieluhkietjïjhtjede

288.	gööktetjuetiegaektsieluhkiegaaktsede

289.	gööktetjuetiegaektsieluhkieåktsede

290.	gööktetjuetieuktsieluhkede

291.	gööktetjuetieuktsieluhkievoestes

292.	gööktetjuetieuktsieluhkiemubpie

293.	gööktetjuetieuktsieluhkiegåalmede

294.	gööktetjuetieuktsieluhkienjealjede

295.	gööktetjuetieuktsieluhkievijhtede

296.	gööktetjuetieuktsieluhkiegovhtede

297.	gööktetjuetieuktsieluhkietjïjhtjede

298.	gööktetjuetieuktsieluhkiegaaktsede

299.	gööktetjuetieuktsieluhkieåktsede

300.	golmetjuatede

301.	golmetjuetievoestes

302.	golmetjuetiemubpie

303.	golmetjuetiegåalmede

304.	golmetjuetienjealjede

305.	golmetjuetievijhtede

306.	golmetjuetiegovhtede

307.	golmetjuetietjïjhtjede

308.	golmetjuetiegaaktsede

309.	golmetjuetieåktsede

310.	golmetjuetielåhkede

311.	golmetjuetieluhkievoestes

312.	golmetjuetieluhkiemubpie

313.	golmetjuetieluhkiegåalmede

314.	golmetjuetieluhkienjealjede

315.	golmetjuetieluhkievijhtede

316.	golmetjuetieluhkiegovhtede

317.	golmetjuetieluhkietjïjhtjede

318.	golmetjuetieluhkiegaaktsede

319.	golmetjuetieluhkieåktsede

320.	golmetjuetiegöökteluhkede

321.	golmetjuetiegöökteluhkievoestes

322.	golmetjuetiegöökteluhkiemubpie

323.	golmetjuetiegöökteluhkiegåalmede

324.	golmetjuetiegöökteluhkienjealjede

325.	golmetjuetiegöökteluhkievijhtede

326.	golmetjuetiegöökteluhkiegovhtede

327.	golmetjuetiegöökteluhkietjïjhtjede

328.	golmetjuetiegöökteluhkiegaaktsede

329.	golmetjuetiegöökteluhkieåktsede

330.	golmetjuetiegolmeluhkede

331.	golmetjuetiegolmeluhkievoestes

332.	golmetjuetiegolmeluhkiemubpie

333.	golmetjuetiegolmeluhkiegåalmede

334.	golmetjuetiegolmeluhkienjealjede

335.	golmetjuetiegolmeluhkievijhtede

336.	golmetjuetiegolmeluhkiegovhtede

337.	golmetjuetiegolmeluhkietjïjhtjede

338.	golmetjuetiegolmeluhkiegaaktsede

339.	golmetjuetiegolmeluhkieåktsede

340.	golmetjuetienjieljieluhkede
340.	golmetjuetienjieljeluhkede
340.	golmetjuetienieljieluhkede
340.	golmetjuetienieljeluhkede

341.	golmetjuetienjieljieluhkievoestes
341.	golmetjuetienjieljeluhkievoestes
341.	golmetjuetienieljieluhkievoestes
341.	golmetjuetienieljeluhkievoestes

342.	golmetjuetienjieljieluhkiemubpie
342.	golmetjuetienjieljeluhkiemubpie
342.	golmetjuetienieljieluhkiemubpie
342.	golmetjuetienieljeluhkiemubpie

343.	golmetjuetienjieljieluhkiegåalmede
343.	golmetjuetienjieljeluhkiegåalmede
343.	golmetjuetienieljieluhkiegåalmede
343.	golmetjuetienieljeluhkiegåalmede

344.	golmetjuetienjieljieluhkienjealjede
344.	golmetjuetienjieljeluhkienjealjede
344.	golmetjuetienieljieluhkienjealjede
344.	golmetjuetienieljeluhkienjealjede

345.	golmetjuetienjieljieluhkievijhtede
345.	golmetjuetienjieljeluhkievijhtede
345.	golmetjuetienieljieluhkievijhtede
345.	golmetjuetienieljeluhkievijhtede

346.	golmetjuetienjieljieluhkiegovhtede
346.	golmetjuetienjieljeluhkiegovhtede
346.	golmetjuetienieljieluhkiegovhtede
346.	golmetjuetienieljeluhkiegovhtede

347.	golmetjuetienjieljieluhkietjïjhtjede
347.	golmetjuetienjieljeluhkietjïjhtjede
347.	golmetjuetienieljieluhkietjïjhtjede
347.	golmetjuetienieljeluhkietjïjhtjede

348.	golmetjuetienjieljieluhkiegaaktsede
348.	golmetjuetienjieljeluhkiegaaktsede
348.	golmetjuetienieljieluhkiegaaktsede
348.	golmetjuetienieljeluhkiegaaktsede

349.	golmetjuetienjieljieluhkieåktsede
349.	golmetjuetienjieljeluhkieåktsede
349.	golmetjuetienieljieluhkieåktsede
349.	golmetjuetienieljeluhkieåktsede

350.	golmetjuetievïjhteluhkede

351.	golmetjuetievïjhteluhkievoestes

352.	golmetjuetievïjhteluhkiemubpie

353.	golmetjuetievïjhteluhkiegåalmede

354.	golmetjuetievïjhteluhkienjealjede

355.	golmetjuetievïjhteluhkievijhtede

356.	golmetjuetievïjhteluhkiegovhtede

357.	golmetjuetievïjhteluhkietjïjhtjede

358.	golmetjuetievïjhteluhkiegaaktsede

359.	golmetjuetievïjhteluhkieåktsede

360.	golmetjuetiegovhteluhkede

361.	golmetjuetiegovhteluhkievoestes

362.	golmetjuetiegovhteluhkiemubpie

363.	golmetjuetiegovhteluhkiegåalmede

364.	golmetjuetiegovhteluhkienjealjede

365.	golmetjuetiegovhteluhkievijhtede

366.	golmetjuetiegovhteluhkiegovhtede

367.	golmetjuetiegovhteluhkietjïjhtjede

368.	golmetjuetiegovhteluhkiegaaktsede

369.	golmetjuetiegovhteluhkieåktsede

370.	golmetjuetietjïjhtjeluhkede

371.	golmetjuetietjïjhtjeluhkievoestes

372.	golmetjuetietjïjhtjeluhkiemubpie

373.	golmetjuetietjïjhtjeluhkiegåalmede

374.	golmetjuetietjïjhtjeluhkienjealjede

375.	golmetjuetietjïjhtjeluhkievijhtede

376.	golmetjuetietjïjhtjeluhkiegovhtede

377.	golmetjuetietjïjhtjeluhkietjïjhtjede

378.	golmetjuetietjïjhtjeluhkiegaaktsede

379.	golmetjuetietjïjhtjeluhkieåktsede

380.	golmetjuetiegaektsieluhkede

381.	golmetjuetiegaektsieluhkievoestes

382.	golmetjuetiegaektsieluhkiemubpie

383.	golmetjuetiegaektsieluhkiegåalmede

384.	golmetjuetiegaektsieluhkienjealjede

385.	golmetjuetiegaektsieluhkievijhtede

386.	golmetjuetiegaektsieluhkiegovhtede

387.	golmetjuetiegaektsieluhkietjïjhtjede

388.	golmetjuetiegaektsieluhkiegaaktsede

389.	golmetjuetiegaektsieluhkieåktsede

390.	golmetjuetieuktsieluhkede

391.	golmetjuetieuktsieluhkievoestes

392.	golmetjuetieuktsieluhkiemubpie

393.	golmetjuetieuktsieluhkiegåalmede

394.	golmetjuetieuktsieluhkienjealjede

395.	golmetjuetieuktsieluhkievijhtede

396.	golmetjuetieuktsieluhkiegovhtede

397.	golmetjuetieuktsieluhkietjïjhtjede

398.	golmetjuetieuktsieluhkiegaaktsede

399.	golmetjuetieuktsieluhkieåktsede

400.	njieljietjuatede
400.	njieljetjuatede
400.	nieljietjuatede
400.	nieljetjuatede

401.	njieljietjuetievoestes
401.	njieljetjuetievoestes
401.	nieljietjuetievoestes
401.	nieljetjuetievoestes

402.	njieljietjuetiemubpie
402.	njieljetjuetiemubpie
402.	nieljietjuetiemubpie
402.	nieljetjuetiemubpie

403.	njieljietjuetiegåalmede
403.	njieljetjuetiegåalmede
403.	nieljietjuetiegåalmede
403.	nieljetjuetiegåalmede

404.	njieljietjuetienjealjede
404.	njieljetjuetienjealjede
404.	nieljietjuetienjealjede
404.	nieljetjuetienjealjede

405.	njieljietjuetievijhtede
405.	njieljetjuetievijhtede
405.	nieljietjuetievijhtede
405.	nieljetjuetievijhtede

406.	njieljietjuetiegovhtede
406.	njieljetjuetiegovhtede
406.	nieljietjuetiegovhtede
406.	nieljetjuetiegovhtede

407.	njieljietjuetietjïjhtjede
407.	njieljetjuetietjïjhtjede
407.	nieljietjuetietjïjhtjede
407.	nieljetjuetietjïjhtjede

408.	njieljietjuetiegaaktsede
408.	njieljetjuetiegaaktsede
408.	nieljietjuetiegaaktsede
408.	nieljetjuetiegaaktsede

409.	njieljietjuetieåktsede
409.	njieljetjuetieåktsede
409.	nieljietjuetieåktsede
409.	nieljetjuetieåktsede

410.	njieljietjuetielåhkede
410.	njieljetjuetielåhkede
410.	nieljietjuetielåhkede
410.	nieljetjuetielåhkede

411.	njieljietjuetieluhkievoestes
411.	njieljetjuetieluhkievoestes
411.	nieljietjuetieluhkievoestes
411.	nieljetjuetieluhkievoestes

412.	njieljietjuetieluhkiemubpie
412.	njieljetjuetieluhkiemubpie
412.	nieljietjuetieluhkiemubpie
412.	nieljetjuetieluhkiemubpie

413.	njieljietjuetieluhkiegåalmede
413.	njieljetjuetieluhkiegåalmede
413.	nieljietjuetieluhkiegåalmede
413.	nieljetjuetieluhkiegåalmede

414.	njieljietjuetieluhkienjealjede
414.	njieljetjuetieluhkienjealjede
414.	nieljietjuetieluhkienjealjede
414.	nieljetjuetieluhkienjealjede

415.	njieljietjuetieluhkievijhtede
415.	njieljetjuetieluhkievijhtede
415.	nieljietjuetieluhkievijhtede
415.	nieljetjuetieluhkievijhtede

416.	njieljietjuetieluhkiegovhtede
416.	njieljetjuetieluhkiegovhtede
416.	nieljietjuetieluhkiegovhtede
416.	nieljetjuetieluhkiegovhtede

417.	njieljietjuetieluhkietjïjhtjede
417.	njieljetjuetieluhkietjïjhtjede
417.	nieljietjuetieluhkietjïjhtjede
417.	nieljetjuetieluhkietjïjhtjede

418.	njieljietjuetieluhkiegaaktsede
418.	njieljetjuetieluhkiegaaktsede
418.	nieljietjuetieluhkiegaaktsede
418.	nieljetjuetieluhkiegaaktsede

419.	njieljietjuetieluhkieåktsede
419.	njieljetjuetieluhkieåktsede
419.	nieljietjuetieluhkieåktsede
419.	nieljetjuetieluhkieåktsede

420.	njieljietjuetiegöökteluhkede
420.	njieljetjuetiegöökteluhkede
420.	nieljietjuetiegöökteluhkede
420.	nieljetjuetiegöökteluhkede

421.	njieljietjuetiegöökteluhkievoestes
421.	njieljetjuetiegöökteluhkievoestes
421.	nieljietjuetiegöökteluhkievoestes
421.	nieljetjuetiegöökteluhkievoestes

422.	njieljietjuetiegöökteluhkiemubpie
422.	njieljetjuetiegöökteluhkiemubpie
422.	nieljietjuetiegöökteluhkiemubpie
422.	nieljetjuetiegöökteluhkiemubpie

423.	njieljietjuetiegöökteluhkiegåalmede
423.	njieljetjuetiegöökteluhkiegåalmede
423.	nieljietjuetiegöökteluhkiegåalmede
423.	nieljetjuetiegöökteluhkiegåalmede

424.	njieljietjuetiegöökteluhkienjealjede
424.	njieljetjuetiegöökteluhkienjealjede
424.	nieljietjuetiegöökteluhkienjealjede
424.	nieljetjuetiegöökteluhkienjealjede

425.	njieljietjuetiegöökteluhkievijhtede
425.	njieljetjuetiegöökteluhkievijhtede
425.	nieljietjuetiegöökteluhkievijhtede
425.	nieljetjuetiegöökteluhkievijhtede

426.	njieljietjuetiegöökteluhkiegovhtede
426.	njieljetjuetiegöökteluhkiegovhtede
426.	nieljietjuetiegöökteluhkiegovhtede
426.	nieljetjuetiegöökteluhkiegovhtede

427.	njieljietjuetiegöökteluhkietjïjhtjede
427.	njieljetjuetiegöökteluhkietjïjhtjede
427.	nieljietjuetiegöökteluhkietjïjhtjede
427.	nieljetjuetiegöökteluhkietjïjhtjede

428.	njieljietjuetiegöökteluhkiegaaktsede
428.	njieljetjuetiegöökteluhkiegaaktsede
428.	nieljietjuetiegöökteluhkiegaaktsede
428.	nieljetjuetiegöökteluhkiegaaktsede

429.	njieljietjuetiegöökteluhkieåktsede
429.	njieljetjuetiegöökteluhkieåktsede
429.	nieljietjuetiegöökteluhkieåktsede
429.	nieljetjuetiegöökteluhkieåktsede

430.	njieljietjuetiegolmeluhkede
430.	njieljetjuetiegolmeluhkede
430.	nieljietjuetiegolmeluhkede
430.	nieljetjuetiegolmeluhkede

431.	njieljietjuetiegolmeluhkievoestes
431.	njieljetjuetiegolmeluhkievoestes
431.	nieljietjuetiegolmeluhkievoestes
431.	nieljetjuetiegolmeluhkievoestes

432.	njieljietjuetiegolmeluhkiemubpie
432.	njieljetjuetiegolmeluhkiemubpie
432.	nieljietjuetiegolmeluhkiemubpie
432.	nieljetjuetiegolmeluhkiemubpie

433.	njieljietjuetiegolmeluhkiegåalmede
433.	njieljetjuetiegolmeluhkiegåalmede
433.	nieljietjuetiegolmeluhkiegåalmede
433.	nieljetjuetiegolmeluhkiegåalmede

434.	njieljietjuetiegolmeluhkienjealjede
434.	njieljetjuetiegolmeluhkienjealjede
434.	nieljietjuetiegolmeluhkienjealjede
434.	nieljetjuetiegolmeluhkienjealjede

435.	njieljietjuetiegolmeluhkievijhtede
435.	njieljetjuetiegolmeluhkievijhtede
435.	nieljietjuetiegolmeluhkievijhtede
435.	nieljetjuetiegolmeluhkievijhtede

436.	njieljietjuetiegolmeluhkiegovhtede
436.	njieljetjuetiegolmeluhkiegovhtede
436.	nieljietjuetiegolmeluhkiegovhtede
436.	nieljetjuetiegolmeluhkiegovhtede

437.	njieljietjuetiegolmeluhkietjïjhtjede
437.	njieljetjuetiegolmeluhkietjïjhtjede
437.	nieljietjuetiegolmeluhkietjïjhtjede
437.	nieljetjuetiegolmeluhkietjïjhtjede

438.	njieljietjuetiegolmeluhkiegaaktsede
438.	njieljetjuetiegolmeluhkiegaaktsede
438.	nieljietjuetiegolmeluhkiegaaktsede
438.	nieljetjuetiegolmeluhkiegaaktsede

439.	njieljietjuetiegolmeluhkieåktsede
439.	njieljetjuetiegolmeluhkieåktsede
439.	nieljietjuetiegolmeluhkieåktsede
439.	nieljetjuetiegolmeluhkieåktsede

440.	njieljietjuetienjieljieluhkede
440.	njieljietjuetienjieljeluhkede
440.	njieljietjuetienieljieluhkede
440.	njieljietjuetienieljeluhkede
440.	njieljetjuetienjieljieluhkede
440.	njieljetjuetienjieljeluhkede
440.	njieljetjuetienieljieluhkede
440.	njieljetjuetienieljeluhkede
440.	nieljietjuetienjieljieluhkede
440.	nieljietjuetienjieljeluhkede
440.	nieljietjuetienieljieluhkede
440.	nieljietjuetienieljeluhkede
440.	nieljetjuetienjieljieluhkede
440.	nieljetjuetienjieljeluhkede
440.	nieljetjuetienieljieluhkede
440.	nieljetjuetienieljeluhkede

441.	njieljietjuetienjieljieluhkievoestes
441.	njieljietjuetienjieljeluhkievoestes
441.	njieljietjuetienieljieluhkievoestes
441.	njieljietjuetienieljeluhkievoestes
441.	njieljetjuetienjieljieluhkievoestes
441.	njieljetjuetienjieljeluhkievoestes
441.	njieljetjuetienieljieluhkievoestes
441.	njieljetjuetienieljeluhkievoestes
441.	nieljietjuetienjieljieluhkievoestes
441.	nieljietjuetienjieljeluhkievoestes
441.	nieljietjuetienieljieluhkievoestes
441.	nieljietjuetienieljeluhkievoestes
441.	nieljetjuetienjieljieluhkievoestes
441.	nieljetjuetienjieljeluhkievoestes
441.	nieljetjuetienieljieluhkievoestes
441.	nieljetjuetienieljeluhkievoestes

442.	njieljietjuetienjieljieluhkiemubpie
442.	njieljietjuetienjieljeluhkiemubpie
442.	njieljietjuetienieljieluhkiemubpie
442.	njieljietjuetienieljeluhkiemubpie
442.	njieljetjuetienjieljieluhkiemubpie
442.	njieljetjuetienjieljeluhkiemubpie
442.	njieljetjuetienieljieluhkiemubpie
442.	njieljetjuetienieljeluhkiemubpie
442.	nieljietjuetienjieljieluhkiemubpie
442.	nieljietjuetienjieljeluhkiemubpie
442.	nieljietjuetienieljieluhkiemubpie
442.	nieljietjuetienieljeluhkiemubpie
442.	nieljetjuetienjieljieluhkiemubpie
442.	nieljetjuetienjieljeluhkiemubpie
442.	nieljetjuetienieljieluhkiemubpie
442.	nieljetjuetienieljeluhkiemubpie

443.	njieljietjuetienjieljieluhkiegåalmede
443.	njieljietjuetienjieljeluhkiegåalmede
443.	njieljietjuetienieljieluhkiegåalmede
443.	njieljietjuetienieljeluhkiegåalmede
443.	njieljetjuetienjieljieluhkiegåalmede
443.	njieljetjuetienjieljeluhkiegåalmede
443.	njieljetjuetienieljieluhkiegåalmede
443.	njieljetjuetienieljeluhkiegåalmede
443.	nieljietjuetienjieljieluhkiegåalmede
443.	nieljietjuetienjieljeluhkiegåalmede
443.	nieljietjuetienieljieluhkiegåalmede
443.	nieljietjuetienieljeluhkiegåalmede
443.	nieljetjuetienjieljieluhkiegåalmede
443.	nieljetjuetienjieljeluhkiegåalmede
443.	nieljetjuetienieljieluhkiegåalmede
443.	nieljetjuetienieljeluhkiegåalmede

444.	njieljietjuetienjieljieluhkienjealjede
444.	njieljietjuetienjieljeluhkienjealjede
444.	njieljietjuetienieljieluhkienjealjede
444.	njieljietjuetienieljeluhkienjealjede
444.	njieljetjuetienjieljieluhkienjealjede
444.	njieljetjuetienjieljeluhkienjealjede
444.	njieljetjuetienieljieluhkienjealjede
444.	njieljetjuetienieljeluhkienjealjede
444.	nieljietjuetienjieljieluhkienjealjede
444.	nieljietjuetienjieljeluhkienjealjede
444.	nieljietjuetienieljieluhkienjealjede
444.	nieljietjuetienieljeluhkienjealjede
444.	nieljetjuetienjieljieluhkienjealjede
444.	nieljetjuetienjieljeluhkienjealjede
444.	nieljetjuetienieljieluhkienjealjede
444.	nieljetjuetienieljeluhkienjealjede

445.	njieljietjuetienjieljieluhkievijhtede
445.	njieljietjuetienjieljeluhkievijhtede
445.	njieljietjuetienieljieluhkievijhtede
445.	njieljietjuetienieljeluhkievijhtede
445.	njieljetjuetienjieljieluhkievijhtede
445.	njieljetjuetienjieljeluhkievijhtede
445.	njieljetjuetienieljieluhkievijhtede
445.	njieljetjuetienieljeluhkievijhtede
445.	nieljietjuetienjieljieluhkievijhtede
445.	nieljietjuetienjieljeluhkievijhtede
445.	nieljietjuetienieljieluhkievijhtede
445.	nieljietjuetienieljeluhkievijhtede
445.	nieljetjuetienjieljieluhkievijhtede
445.	nieljetjuetienjieljeluhkievijhtede
445.	nieljetjuetienieljieluhkievijhtede
445.	nieljetjuetienieljeluhkievijhtede

446.	njieljietjuetienjieljieluhkiegovhtede
446.	njieljietjuetienjieljeluhkiegovhtede
446.	njieljietjuetienieljieluhkiegovhtede
446.	njieljietjuetienieljeluhkiegovhtede
446.	njieljetjuetienjieljieluhkiegovhtede
446.	njieljetjuetienjieljeluhkiegovhtede
446.	njieljetjuetienieljieluhkiegovhtede
446.	njieljetjuetienieljeluhkiegovhtede
446.	nieljietjuetienjieljieluhkiegovhtede
446.	nieljietjuetienjieljeluhkiegovhtede
446.	nieljietjuetienieljieluhkiegovhtede
446.	nieljietjuetienieljeluhkiegovhtede
446.	nieljetjuetienjieljieluhkiegovhtede
446.	nieljetjuetienjieljeluhkiegovhtede
446.	nieljetjuetienieljieluhkiegovhtede
446.	nieljetjuetienieljeluhkiegovhtede

447.	njieljietjuetienjieljieluhkietjïjhtjede
447.	njieljietjuetienjieljeluhkietjïjhtjede
447.	njieljietjuetienieljieluhkietjïjhtjede
447.	njieljietjuetienieljeluhkietjïjhtjede
447.	njieljetjuetienjieljieluhkietjïjhtjede
447.	njieljetjuetienjieljeluhkietjïjhtjede
447.	njieljetjuetienieljieluhkietjïjhtjede
447.	njieljetjuetienieljeluhkietjïjhtjede
447.	nieljietjuetienjieljieluhkietjïjhtjede
447.	nieljietjuetienjieljeluhkietjïjhtjede
447.	nieljietjuetienieljieluhkietjïjhtjede
447.	nieljietjuetienieljeluhkietjïjhtjede
447.	nieljetjuetienjieljieluhkietjïjhtjede
447.	nieljetjuetienjieljeluhkietjïjhtjede
447.	nieljetjuetienieljieluhkietjïjhtjede
447.	nieljetjuetienieljeluhkietjïjhtjede

448.	njieljietjuetienjieljieluhkiegaaktsede
448.	njieljietjuetienjieljeluhkiegaaktsede
448.	njieljietjuetienieljieluhkiegaaktsede
448.	njieljietjuetienieljeluhkiegaaktsede
448.	njieljetjuetienjieljieluhkiegaaktsede
448.	njieljetjuetienjieljeluhkiegaaktsede
448.	njieljetjuetienieljieluhkiegaaktsede
448.	njieljetjuetienieljeluhkiegaaktsede
448.	nieljietjuetienjieljieluhkiegaaktsede
448.	nieljietjuetienjieljeluhkiegaaktsede
448.	nieljietjuetienieljieluhkiegaaktsede
448.	nieljietjuetienieljeluhkiegaaktsede
448.	nieljetjuetienjieljieluhkiegaaktsede
448.	nieljetjuetienjieljeluhkiegaaktsede
448.	nieljetjuetienieljieluhkiegaaktsede
448.	nieljetjuetienieljeluhkiegaaktsede

449.	njieljietjuetienjieljieluhkieåktsede
449.	njieljietjuetienjieljeluhkieåktsede
449.	njieljietjuetienieljieluhkieåktsede
449.	njieljietjuetienieljeluhkieåktsede
449.	njieljetjuetienjieljieluhkieåktsede
449.	njieljetjuetienjieljeluhkieåktsede
449.	njieljetjuetienieljieluhkieåktsede
449.	njieljetjuetienieljeluhkieåktsede
449.	nieljietjuetienjieljieluhkieåktsede
449.	nieljietjuetienjieljeluhkieåktsede
449.	nieljietjuetienieljieluhkieåktsede
449.	nieljietjuetienieljeluhkieåktsede
449.	nieljetjuetienjieljieluhkieåktsede
449.	nieljetjuetienjieljeluhkieåktsede
449.	nieljetjuetienieljieluhkieåktsede
449.	nieljetjuetienieljeluhkieåktsede

450.	njieljietjuetievïjhteluhkede
450.	njieljetjuetievïjhteluhkede
450.	nieljietjuetievïjhteluhkede
450.	nieljetjuetievïjhteluhkede

451.	njieljietjuetievïjhteluhkievoestes
451.	njieljetjuetievïjhteluhkievoestes
451.	nieljietjuetievïjhteluhkievoestes
451.	nieljetjuetievïjhteluhkievoestes

452.	njieljietjuetievïjhteluhkiemubpie
452.	njieljetjuetievïjhteluhkiemubpie
452.	nieljietjuetievïjhteluhkiemubpie
452.	nieljetjuetievïjhteluhkiemubpie

453.	njieljietjuetievïjhteluhkiegåalmede
453.	njieljetjuetievïjhteluhkiegåalmede
453.	nieljietjuetievïjhteluhkiegåalmede
453.	nieljetjuetievïjhteluhkiegåalmede

454.	njieljietjuetievïjhteluhkienjealjede
454.	njieljetjuetievïjhteluhkienjealjede
454.	nieljietjuetievïjhteluhkienjealjede
454.	nieljetjuetievïjhteluhkienjealjede

455.	njieljietjuetievïjhteluhkievijhtede
455.	njieljetjuetievïjhteluhkievijhtede
455.	nieljietjuetievïjhteluhkievijhtede
455.	nieljetjuetievïjhteluhkievijhtede

456.	njieljietjuetievïjhteluhkiegovhtede
456.	njieljetjuetievïjhteluhkiegovhtede
456.	nieljietjuetievïjhteluhkiegovhtede
456.	nieljetjuetievïjhteluhkiegovhtede

457.	njieljietjuetievïjhteluhkietjïjhtjede
457.	njieljetjuetievïjhteluhkietjïjhtjede
457.	nieljietjuetievïjhteluhkietjïjhtjede
457.	nieljetjuetievïjhteluhkietjïjhtjede

458.	njieljietjuetievïjhteluhkiegaaktsede
458.	njieljetjuetievïjhteluhkiegaaktsede
458.	nieljietjuetievïjhteluhkiegaaktsede
458.	nieljetjuetievïjhteluhkiegaaktsede

459.	njieljietjuetievïjhteluhkieåktsede
459.	njieljetjuetievïjhteluhkieåktsede
459.	nieljietjuetievïjhteluhkieåktsede
459.	nieljetjuetievïjhteluhkieåktsede

460.	njieljietjuetiegovhteluhkede
460.	njieljetjuetiegovhteluhkede
460.	nieljietjuetiegovhteluhkede
460.	nieljetjuetiegovhteluhkede

461.	njieljietjuetiegovhteluhkievoestes
461.	njieljetjuetiegovhteluhkievoestes
461.	nieljietjuetiegovhteluhkievoestes
461.	nieljetjuetiegovhteluhkievoestes

462.	njieljietjuetiegovhteluhkiemubpie
462.	njieljetjuetiegovhteluhkiemubpie
462.	nieljietjuetiegovhteluhkiemubpie
462.	nieljetjuetiegovhteluhkiemubpie

463.	njieljietjuetiegovhteluhkiegåalmede
463.	njieljetjuetiegovhteluhkiegåalmede
463.	nieljietjuetiegovhteluhkiegåalmede
463.	nieljetjuetiegovhteluhkiegåalmede

464.	njieljietjuetiegovhteluhkienjealjede
464.	njieljetjuetiegovhteluhkienjealjede
464.	nieljietjuetiegovhteluhkienjealjede
464.	nieljetjuetiegovhteluhkienjealjede

465.	njieljietjuetiegovhteluhkievijhtede
465.	njieljetjuetiegovhteluhkievijhtede
465.	nieljietjuetiegovhteluhkievijhtede
465.	nieljetjuetiegovhteluhkievijhtede

466.	njieljietjuetiegovhteluhkiegovhtede
466.	njieljetjuetiegovhteluhkiegovhtede
466.	nieljietjuetiegovhteluhkiegovhtede
466.	nieljetjuetiegovhteluhkiegovhtede

467.	njieljietjuetiegovhteluhkietjïjhtjede
467.	njieljetjuetiegovhteluhkietjïjhtjede
467.	nieljietjuetiegovhteluhkietjïjhtjede
467.	nieljetjuetiegovhteluhkietjïjhtjede

468.	njieljietjuetiegovhteluhkiegaaktsede
468.	njieljetjuetiegovhteluhkiegaaktsede
468.	nieljietjuetiegovhteluhkiegaaktsede
468.	nieljetjuetiegovhteluhkiegaaktsede

469.	njieljietjuetiegovhteluhkieåktsede
469.	njieljetjuetiegovhteluhkieåktsede
469.	nieljietjuetiegovhteluhkieåktsede
469.	nieljetjuetiegovhteluhkieåktsede

470.	njieljietjuetietjïjhtjeluhkede
470.	njieljetjuetietjïjhtjeluhkede
470.	nieljietjuetietjïjhtjeluhkede
470.	nieljetjuetietjïjhtjeluhkede

471.	njieljietjuetietjïjhtjeluhkievoestes
471.	njieljetjuetietjïjhtjeluhkievoestes
471.	nieljietjuetietjïjhtjeluhkievoestes
471.	nieljetjuetietjïjhtjeluhkievoestes

472.	njieljietjuetietjïjhtjeluhkiemubpie
472.	njieljetjuetietjïjhtjeluhkiemubpie
472.	nieljietjuetietjïjhtjeluhkiemubpie
472.	nieljetjuetietjïjhtjeluhkiemubpie

473.	njieljietjuetietjïjhtjeluhkiegåalmede
473.	njieljetjuetietjïjhtjeluhkiegåalmede
473.	nieljietjuetietjïjhtjeluhkiegåalmede
473.	nieljetjuetietjïjhtjeluhkiegåalmede

474.	njieljietjuetietjïjhtjeluhkienjealjede
474.	njieljetjuetietjïjhtjeluhkienjealjede
474.	nieljietjuetietjïjhtjeluhkienjealjede
474.	nieljetjuetietjïjhtjeluhkienjealjede

475.	njieljietjuetietjïjhtjeluhkievijhtede
475.	njieljetjuetietjïjhtjeluhkievijhtede
475.	nieljietjuetietjïjhtjeluhkievijhtede
475.	nieljetjuetietjïjhtjeluhkievijhtede

476.	njieljietjuetietjïjhtjeluhkiegovhtede
476.	njieljetjuetietjïjhtjeluhkiegovhtede
476.	nieljietjuetietjïjhtjeluhkiegovhtede
476.	nieljetjuetietjïjhtjeluhkiegovhtede

477.	njieljietjuetietjïjhtjeluhkietjïjhtjede
477.	njieljetjuetietjïjhtjeluhkietjïjhtjede
477.	nieljietjuetietjïjhtjeluhkietjïjhtjede
477.	nieljetjuetietjïjhtjeluhkietjïjhtjede

478.	njieljietjuetietjïjhtjeluhkiegaaktsede
478.	njieljetjuetietjïjhtjeluhkiegaaktsede
478.	nieljietjuetietjïjhtjeluhkiegaaktsede
478.	nieljetjuetietjïjhtjeluhkiegaaktsede

479.	njieljietjuetietjïjhtjeluhkieåktsede
479.	njieljetjuetietjïjhtjeluhkieåktsede
479.	nieljietjuetietjïjhtjeluhkieåktsede
479.	nieljetjuetietjïjhtjeluhkieåktsede

480.	njieljietjuetiegaektsieluhkede
480.	njieljetjuetiegaektsieluhkede
480.	nieljietjuetiegaektsieluhkede
480.	nieljetjuetiegaektsieluhkede

481.	njieljietjuetiegaektsieluhkievoestes
481.	njieljetjuetiegaektsieluhkievoestes
481.	nieljietjuetiegaektsieluhkievoestes
481.	nieljetjuetiegaektsieluhkievoestes

482.	njieljietjuetiegaektsieluhkiemubpie
482.	njieljetjuetiegaektsieluhkiemubpie
482.	nieljietjuetiegaektsieluhkiemubpie
482.	nieljetjuetiegaektsieluhkiemubpie

483.	njieljietjuetiegaektsieluhkiegåalmede
483.	njieljetjuetiegaektsieluhkiegåalmede
483.	nieljietjuetiegaektsieluhkiegåalmede
483.	nieljetjuetiegaektsieluhkiegåalmede

484.	njieljietjuetiegaektsieluhkienjealjede
484.	njieljetjuetiegaektsieluhkienjealjede
484.	nieljietjuetiegaektsieluhkienjealjede
484.	nieljetjuetiegaektsieluhkienjealjede

485.	njieljietjuetiegaektsieluhkievijhtede
485.	njieljetjuetiegaektsieluhkievijhtede
485.	nieljietjuetiegaektsieluhkievijhtede
485.	nieljetjuetiegaektsieluhkievijhtede

486.	njieljietjuetiegaektsieluhkiegovhtede
486.	njieljetjuetiegaektsieluhkiegovhtede
486.	nieljietjuetiegaektsieluhkiegovhtede
486.	nieljetjuetiegaektsieluhkiegovhtede

487.	njieljietjuetiegaektsieluhkietjïjhtjede
487.	njieljetjuetiegaektsieluhkietjïjhtjede
487.	nieljietjuetiegaektsieluhkietjïjhtjede
487.	nieljetjuetiegaektsieluhkietjïjhtjede

488.	njieljietjuetiegaektsieluhkiegaaktsede
488.	njieljetjuetiegaektsieluhkiegaaktsede
488.	nieljietjuetiegaektsieluhkiegaaktsede
488.	nieljetjuetiegaektsieluhkiegaaktsede

489.	njieljietjuetiegaektsieluhkieåktsede
489.	njieljetjuetiegaektsieluhkieåktsede
489.	nieljietjuetiegaektsieluhkieåktsede
489.	nieljetjuetiegaektsieluhkieåktsede

490.	njieljietjuetieuktsieluhkede
490.	njieljetjuetieuktsieluhkede
490.	nieljietjuetieuktsieluhkede
490.	nieljetjuetieuktsieluhkede

491.	njieljietjuetieuktsieluhkievoestes
491.	njieljetjuetieuktsieluhkievoestes
491.	nieljietjuetieuktsieluhkievoestes
491.	nieljetjuetieuktsieluhkievoestes

492.	njieljietjuetieuktsieluhkiemubpie
492.	njieljetjuetieuktsieluhkiemubpie
492.	nieljietjuetieuktsieluhkiemubpie
492.	nieljetjuetieuktsieluhkiemubpie

493.	njieljietjuetieuktsieluhkiegåalmede
493.	njieljetjuetieuktsieluhkiegåalmede
493.	nieljietjuetieuktsieluhkiegåalmede
493.	nieljetjuetieuktsieluhkiegåalmede

494.	njieljietjuetieuktsieluhkienjealjede
494.	njieljetjuetieuktsieluhkienjealjede
494.	nieljietjuetieuktsieluhkienjealjede
494.	nieljetjuetieuktsieluhkienjealjede

495.	njieljietjuetieuktsieluhkievijhtede
495.	njieljetjuetieuktsieluhkievijhtede
495.	nieljietjuetieuktsieluhkievijhtede
495.	nieljetjuetieuktsieluhkievijhtede

496.	njieljietjuetieuktsieluhkiegovhtede
496.	njieljetjuetieuktsieluhkiegovhtede
496.	nieljietjuetieuktsieluhkiegovhtede
496.	nieljetjuetieuktsieluhkiegovhtede

497.	njieljietjuetieuktsieluhkietjïjhtjede
497.	njieljetjuetieuktsieluhkietjïjhtjede
497.	nieljietjuetieuktsieluhkietjïjhtjede
497.	nieljetjuetieuktsieluhkietjïjhtjede

498.	njieljietjuetieuktsieluhkiegaaktsede
498.	njieljetjuetieuktsieluhkiegaaktsede
498.	nieljietjuetieuktsieluhkiegaaktsede
498.	nieljetjuetieuktsieluhkiegaaktsede

499.	njieljietjuetieuktsieluhkieåktsede
499.	njieljetjuetieuktsieluhkieåktsede
499.	nieljietjuetieuktsieluhkieåktsede
499.	nieljetjuetieuktsieluhkieåktsede

500.	vïjhtetjuatede

501.	vïjhtetjuetievoestes

502.	vïjhtetjuetiemubpie

503.	vïjhtetjuetiegåalmede

504.	vïjhtetjuetienjealjede

505.	vïjhtetjuetievijhtede

506.	vïjhtetjuetiegovhtede

507.	vïjhtetjuetietjïjhtjede

508.	vïjhtetjuetiegaaktsede

509.	vïjhtetjuetieåktsede

510.	vïjhtetjuetielåhkede

511.	vïjhtetjuetieluhkievoestes

512.	vïjhtetjuetieluhkiemubpie

513.	vïjhtetjuetieluhkiegåalmede

514.	vïjhtetjuetieluhkienjealjede

515.	vïjhtetjuetieluhkievijhtede

516.	vïjhtetjuetieluhkiegovhtede

517.	vïjhtetjuetieluhkietjïjhtjede

518.	vïjhtetjuetieluhkiegaaktsede

519.	vïjhtetjuetieluhkieåktsede

520.	vïjhtetjuetiegöökteluhkede

521.	vïjhtetjuetiegöökteluhkievoestes

522.	vïjhtetjuetiegöökteluhkiemubpie

523.	vïjhtetjuetiegöökteluhkiegåalmede

524.	vïjhtetjuetiegöökteluhkienjealjede

525.	vïjhtetjuetiegöökteluhkievijhtede

526.	vïjhtetjuetiegöökteluhkiegovhtede

527.	vïjhtetjuetiegöökteluhkietjïjhtjede

528.	vïjhtetjuetiegöökteluhkiegaaktsede

529.	vïjhtetjuetiegöökteluhkieåktsede

530.	vïjhtetjuetiegolmeluhkede

531.	vïjhtetjuetiegolmeluhkievoestes

532.	vïjhtetjuetiegolmeluhkiemubpie

533.	vïjhtetjuetiegolmeluhkiegåalmede

534.	vïjhtetjuetiegolmeluhkienjealjede

535.	vïjhtetjuetiegolmeluhkievijhtede

536.	vïjhtetjuetiegolmeluhkiegovhtede

537.	vïjhtetjuetiegolmeluhkietjïjhtjede

538.	vïjhtetjuetiegolmeluhkiegaaktsede

539.	vïjhtetjuetiegolmeluhkieåktsede

540.	vïjhtetjuetienjieljieluhkede
540.	vïjhtetjuetienjieljeluhkede
540.	vïjhtetjuetienieljieluhkede
540.	vïjhtetjuetienieljeluhkede

541.	vïjhtetjuetienjieljieluhkievoestes
541.	vïjhtetjuetienjieljeluhkievoestes
541.	vïjhtetjuetienieljieluhkievoestes
541.	vïjhtetjuetienieljeluhkievoestes

542.	vïjhtetjuetienjieljieluhkiemubpie
542.	vïjhtetjuetienjieljeluhkiemubpie
542.	vïjhtetjuetienieljieluhkiemubpie
542.	vïjhtetjuetienieljeluhkiemubpie

543.	vïjhtetjuetienjieljieluhkiegåalmede
543.	vïjhtetjuetienjieljeluhkiegåalmede
543.	vïjhtetjuetienieljieluhkiegåalmede
543.	vïjhtetjuetienieljeluhkiegåalmede

544.	vïjhtetjuetienjieljieluhkienjealjede
544.	vïjhtetjuetienjieljeluhkienjealjede
544.	vïjhtetjuetienieljieluhkienjealjede
544.	vïjhtetjuetienieljeluhkienjealjede

545.	vïjhtetjuetienjieljieluhkievijhtede
545.	vïjhtetjuetienjieljeluhkievijhtede
545.	vïjhtetjuetienieljieluhkievijhtede
545.	vïjhtetjuetienieljeluhkievijhtede

546.	vïjhtetjuetienjieljieluhkiegovhtede
546.	vïjhtetjuetienjieljeluhkiegovhtede
546.	vïjhtetjuetienieljieluhkiegovhtede
546.	vïjhtetjuetienieljeluhkiegovhtede

547.	vïjhtetjuetienjieljieluhkietjïjhtjede
547.	vïjhtetjuetienjieljeluhkietjïjhtjede
547.	vïjhtetjuetienieljieluhkietjïjhtjede
547.	vïjhtetjuetienieljeluhkietjïjhtjede

548.	vïjhtetjuetienjieljieluhkiegaaktsede
548.	vïjhtetjuetienjieljeluhkiegaaktsede
548.	vïjhtetjuetienieljieluhkiegaaktsede
548.	vïjhtetjuetienieljeluhkiegaaktsede

549.	vïjhtetjuetienjieljieluhkieåktsede
549.	vïjhtetjuetienjieljeluhkieåktsede
549.	vïjhtetjuetienieljieluhkieåktsede
549.	vïjhtetjuetienieljeluhkieåktsede

550.	vïjhtetjuetievïjhteluhkede

551.	vïjhtetjuetievïjhteluhkievoestes

552.	vïjhtetjuetievïjhteluhkiemubpie

553.	vïjhtetjuetievïjhteluhkiegåalmede

554.	vïjhtetjuetievïjhteluhkienjealjede

555.	vïjhtetjuetievïjhteluhkievijhtede

556.	vïjhtetjuetievïjhteluhkiegovhtede

557.	vïjhtetjuetievïjhteluhkietjïjhtjede

558.	vïjhtetjuetievïjhteluhkiegaaktsede

559.	vïjhtetjuetievïjhteluhkieåktsede

560.	vïjhtetjuetiegovhteluhkede

561.	vïjhtetjuetiegovhteluhkievoestes

562.	vïjhtetjuetiegovhteluhkiemubpie

563.	vïjhtetjuetiegovhteluhkiegåalmede

564.	vïjhtetjuetiegovhteluhkienjealjede

565.	vïjhtetjuetiegovhteluhkievijhtede

566.	vïjhtetjuetiegovhteluhkiegovhtede

567.	vïjhtetjuetiegovhteluhkietjïjhtjede

568.	vïjhtetjuetiegovhteluhkiegaaktsede

569.	vïjhtetjuetiegovhteluhkieåktsede

570.	vïjhtetjuetietjïjhtjeluhkede

571.	vïjhtetjuetietjïjhtjeluhkievoestes

572.	vïjhtetjuetietjïjhtjeluhkiemubpie

573.	vïjhtetjuetietjïjhtjeluhkiegåalmede

574.	vïjhtetjuetietjïjhtjeluhkienjealjede

575.	vïjhtetjuetietjïjhtjeluhkievijhtede

576.	vïjhtetjuetietjïjhtjeluhkiegovhtede

577.	vïjhtetjuetietjïjhtjeluhkietjïjhtjede

578.	vïjhtetjuetietjïjhtjeluhkiegaaktsede

579.	vïjhtetjuetietjïjhtjeluhkieåktsede

580.	vïjhtetjuetiegaektsieluhkede

581.	vïjhtetjuetiegaektsieluhkievoestes

582.	vïjhtetjuetiegaektsieluhkiemubpie

583.	vïjhtetjuetiegaektsieluhkiegåalmede

584.	vïjhtetjuetiegaektsieluhkienjealjede

585.	vïjhtetjuetiegaektsieluhkievijhtede

586.	vïjhtetjuetiegaektsieluhkiegovhtede

587.	vïjhtetjuetiegaektsieluhkietjïjhtjede

588.	vïjhtetjuetiegaektsieluhkiegaaktsede

589.	vïjhtetjuetiegaektsieluhkieåktsede

590.	vïjhtetjuetieuktsieluhkede

591.	vïjhtetjuetieuktsieluhkievoestes

592.	vïjhtetjuetieuktsieluhkiemubpie

593.	vïjhtetjuetieuktsieluhkiegåalmede

594.	vïjhtetjuetieuktsieluhkienjealjede

595.	vïjhtetjuetieuktsieluhkievijhtede

596.	vïjhtetjuetieuktsieluhkiegovhtede

597.	vïjhtetjuetieuktsieluhkietjïjhtjede

598.	vïjhtetjuetieuktsieluhkiegaaktsede

599.	vïjhtetjuetieuktsieluhkieåktsede

600.	govhtetjuatede

601.	govhtetjuetievoestes

602.	govhtetjuetiemubpie

603.	govhtetjuetiegåalmede

604.	govhtetjuetienjealjede

605.	govhtetjuetievijhtede

606.	govhtetjuetiegovhtede

607.	govhtetjuetietjïjhtjede

608.	govhtetjuetiegaaktsede

609.	govhtetjuetieåktsede

610.	govhtetjuetielåhkede

611.	govhtetjuetieluhkievoestes

612.	govhtetjuetieluhkiemubpie

613.	govhtetjuetieluhkiegåalmede

614.	govhtetjuetieluhkienjealjede

615.	govhtetjuetieluhkievijhtede

616.	govhtetjuetieluhkiegovhtede

617.	govhtetjuetieluhkietjïjhtjede

618.	govhtetjuetieluhkiegaaktsede

619.	govhtetjuetieluhkieåktsede

620.	govhtetjuetiegöökteluhkede

621.	govhtetjuetiegöökteluhkievoestes

622.	govhtetjuetiegöökteluhkiemubpie

623.	govhtetjuetiegöökteluhkiegåalmede

624.	govhtetjuetiegöökteluhkienjealjede

625.	govhtetjuetiegöökteluhkievijhtede

626.	govhtetjuetiegöökteluhkiegovhtede

627.	govhtetjuetiegöökteluhkietjïjhtjede

628.	govhtetjuetiegöökteluhkiegaaktsede

629.	govhtetjuetiegöökteluhkieåktsede

630.	govhtetjuetiegolmeluhkede

631.	govhtetjuetiegolmeluhkievoestes

632.	govhtetjuetiegolmeluhkiemubpie

633.	govhtetjuetiegolmeluhkiegåalmede

634.	govhtetjuetiegolmeluhkienjealjede

635.	govhtetjuetiegolmeluhkievijhtede

636.	govhtetjuetiegolmeluhkiegovhtede

637.	govhtetjuetiegolmeluhkietjïjhtjede

638.	govhtetjuetiegolmeluhkiegaaktsede

639.	govhtetjuetiegolmeluhkieåktsede

640.	govhtetjuetienjieljieluhkede
640.	govhtetjuetienjieljeluhkede
640.	govhtetjuetienieljieluhkede
640.	govhtetjuetienieljeluhkede

641.	govhtetjuetienjieljieluhkievoestes
641.	govhtetjuetienjieljeluhkievoestes
641.	govhtetjuetienieljieluhkievoestes
641.	govhtetjuetienieljeluhkievoestes

642.	govhtetjuetienjieljieluhkiemubpie
642.	govhtetjuetienjieljeluhkiemubpie
642.	govhtetjuetienieljieluhkiemubpie
642.	govhtetjuetienieljeluhkiemubpie

643.	govhtetjuetienjieljieluhkiegåalmede
643.	govhtetjuetienjieljeluhkiegåalmede
643.	govhtetjuetienieljieluhkiegåalmede
643.	govhtetjuetienieljeluhkiegåalmede

644.	govhtetjuetienjieljieluhkienjealjede
644.	govhtetjuetienjieljeluhkienjealjede
644.	govhtetjuetienieljieluhkienjealjede
644.	govhtetjuetienieljeluhkienjealjede

645.	govhtetjuetienjieljieluhkievijhtede
645.	govhtetjuetienjieljeluhkievijhtede
645.	govhtetjuetienieljieluhkievijhtede
645.	govhtetjuetienieljeluhkievijhtede

646.	govhtetjuetienjieljieluhkiegovhtede
646.	govhtetjuetienjieljeluhkiegovhtede
646.	govhtetjuetienieljieluhkiegovhtede
646.	govhtetjuetienieljeluhkiegovhtede

647.	govhtetjuetienjieljieluhkietjïjhtjede
647.	govhtetjuetienjieljeluhkietjïjhtjede
647.	govhtetjuetienieljieluhkietjïjhtjede
647.	govhtetjuetienieljeluhkietjïjhtjede

648.	govhtetjuetienjieljieluhkiegaaktsede
648.	govhtetjuetienjieljeluhkiegaaktsede
648.	govhtetjuetienieljieluhkiegaaktsede
648.	govhtetjuetienieljeluhkiegaaktsede

649.	govhtetjuetienjieljieluhkieåktsede
649.	govhtetjuetienjieljeluhkieåktsede
649.	govhtetjuetienieljieluhkieåktsede
649.	govhtetjuetienieljeluhkieåktsede

650.	govhtetjuetievïjhteluhkede

651.	govhtetjuetievïjhteluhkievoestes

652.	govhtetjuetievïjhteluhkiemubpie

653.	govhtetjuetievïjhteluhkiegåalmede

654.	govhtetjuetievïjhteluhkienjealjede

655.	govhtetjuetievïjhteluhkievijhtede

656.	govhtetjuetievïjhteluhkiegovhtede

657.	govhtetjuetievïjhteluhkietjïjhtjede

658.	govhtetjuetievïjhteluhkiegaaktsede

659.	govhtetjuetievïjhteluhkieåktsede

660.	govhtetjuetiegovhteluhkede

661.	govhtetjuetiegovhteluhkievoestes

662.	govhtetjuetiegovhteluhkiemubpie

663.	govhtetjuetiegovhteluhkiegåalmede

664.	govhtetjuetiegovhteluhkienjealjede

665.	govhtetjuetiegovhteluhkievijhtede

666.	govhtetjuetiegovhteluhkiegovhtede

667.	govhtetjuetiegovhteluhkietjïjhtjede

668.	govhtetjuetiegovhteluhkiegaaktsede

669.	govhtetjuetiegovhteluhkieåktsede

670.	govhtetjuetietjïjhtjeluhkede

671.	govhtetjuetietjïjhtjeluhkievoestes

672.	govhtetjuetietjïjhtjeluhkiemubpie

673.	govhtetjuetietjïjhtjeluhkiegåalmede

674.	govhtetjuetietjïjhtjeluhkienjealjede

675.	govhtetjuetietjïjhtjeluhkievijhtede

676.	govhtetjuetietjïjhtjeluhkiegovhtede

677.	govhtetjuetietjïjhtjeluhkietjïjhtjede

678.	govhtetjuetietjïjhtjeluhkiegaaktsede

679.	govhtetjuetietjïjhtjeluhkieåktsede

680.	govhtetjuetiegaektsieluhkede

681.	govhtetjuetiegaektsieluhkievoestes

682.	govhtetjuetiegaektsieluhkiemubpie

683.	govhtetjuetiegaektsieluhkiegåalmede

684.	govhtetjuetiegaektsieluhkienjealjede

685.	govhtetjuetiegaektsieluhkievijhtede

686.	govhtetjuetiegaektsieluhkiegovhtede

687.	govhtetjuetiegaektsieluhkietjïjhtjede

688.	govhtetjuetiegaektsieluhkiegaaktsede

689.	govhtetjuetiegaektsieluhkieåktsede

690.	govhtetjuetieuktsieluhkede

691.	govhtetjuetieuktsieluhkievoestes

692.	govhtetjuetieuktsieluhkiemubpie

693.	govhtetjuetieuktsieluhkiegåalmede

694.	govhtetjuetieuktsieluhkienjealjede

695.	govhtetjuetieuktsieluhkievijhtede

696.	govhtetjuetieuktsieluhkiegovhtede

697.	govhtetjuetieuktsieluhkietjïjhtjede

698.	govhtetjuetieuktsieluhkiegaaktsede

699.	govhtetjuetieuktsieluhkieåktsede

700.	tjïjhtjetjuatede

701.	tjïjhtjetjuetievoestes

702.	tjïjhtjetjuetiemubpie

703.	tjïjhtjetjuetiegåalmede

704.	tjïjhtjetjuetienjealjede

705.	tjïjhtjetjuetievijhtede

706.	tjïjhtjetjuetiegovhtede

707.	tjïjhtjetjuetietjïjhtjede

708.	tjïjhtjetjuetiegaaktsede

709.	tjïjhtjetjuetieåktsede

710.	tjïjhtjetjuetielåhkede

711.	tjïjhtjetjuetieluhkievoestes

712.	tjïjhtjetjuetieluhkiemubpie

713.	tjïjhtjetjuetieluhkiegåalmede

714.	tjïjhtjetjuetieluhkienjealjede

715.	tjïjhtjetjuetieluhkievijhtede

716.	tjïjhtjetjuetieluhkiegovhtede

717.	tjïjhtjetjuetieluhkietjïjhtjede

718.	tjïjhtjetjuetieluhkiegaaktsede

719.	tjïjhtjetjuetieluhkieåktsede

720.	tjïjhtjetjuetiegöökteluhkede

721.	tjïjhtjetjuetiegöökteluhkievoestes

722.	tjïjhtjetjuetiegöökteluhkiemubpie

723.	tjïjhtjetjuetiegöökteluhkiegåalmede

724.	tjïjhtjetjuetiegöökteluhkienjealjede

725.	tjïjhtjetjuetiegöökteluhkievijhtede

726.	tjïjhtjetjuetiegöökteluhkiegovhtede

727.	tjïjhtjetjuetiegöökteluhkietjïjhtjede

728.	tjïjhtjetjuetiegöökteluhkiegaaktsede

729.	tjïjhtjetjuetiegöökteluhkieåktsede

730.	tjïjhtjetjuetiegolmeluhkede

731.	tjïjhtjetjuetiegolmeluhkievoestes

732.	tjïjhtjetjuetiegolmeluhkiemubpie

733.	tjïjhtjetjuetiegolmeluhkiegåalmede

734.	tjïjhtjetjuetiegolmeluhkienjealjede

735.	tjïjhtjetjuetiegolmeluhkievijhtede

736.	tjïjhtjetjuetiegolmeluhkiegovhtede

737.	tjïjhtjetjuetiegolmeluhkietjïjhtjede

738.	tjïjhtjetjuetiegolmeluhkiegaaktsede

739.	tjïjhtjetjuetiegolmeluhkieåktsede

740.	tjïjhtjetjuetienjieljieluhkede
740.	tjïjhtjetjuetienjieljeluhkede
740.	tjïjhtjetjuetienieljieluhkede
740.	tjïjhtjetjuetienieljeluhkede

741.	tjïjhtjetjuetienjieljieluhkievoestes
741.	tjïjhtjetjuetienjieljeluhkievoestes
741.	tjïjhtjetjuetienieljieluhkievoestes
741.	tjïjhtjetjuetienieljeluhkievoestes

742.	tjïjhtjetjuetienjieljieluhkiemubpie
742.	tjïjhtjetjuetienjieljeluhkiemubpie
742.	tjïjhtjetjuetienieljieluhkiemubpie
742.	tjïjhtjetjuetienieljeluhkiemubpie

743.	tjïjhtjetjuetienjieljieluhkiegåalmede
743.	tjïjhtjetjuetienjieljeluhkiegåalmede
743.	tjïjhtjetjuetienieljieluhkiegåalmede
743.	tjïjhtjetjuetienieljeluhkiegåalmede

744.	tjïjhtjetjuetienjieljieluhkienjealjede
744.	tjïjhtjetjuetienjieljeluhkienjealjede
744.	tjïjhtjetjuetienieljieluhkienjealjede
744.	tjïjhtjetjuetienieljeluhkienjealjede

745.	tjïjhtjetjuetienjieljieluhkievijhtede
745.	tjïjhtjetjuetienjieljeluhkievijhtede
745.	tjïjhtjetjuetienieljieluhkievijhtede
745.	tjïjhtjetjuetienieljeluhkievijhtede

746.	tjïjhtjetjuetienjieljieluhkiegovhtede
746.	tjïjhtjetjuetienjieljeluhkiegovhtede
746.	tjïjhtjetjuetienieljieluhkiegovhtede
746.	tjïjhtjetjuetienieljeluhkiegovhtede

747.	tjïjhtjetjuetienjieljieluhkietjïjhtjede
747.	tjïjhtjetjuetienjieljeluhkietjïjhtjede
747.	tjïjhtjetjuetienieljieluhkietjïjhtjede
747.	tjïjhtjetjuetienieljeluhkietjïjhtjede

748.	tjïjhtjetjuetienjieljieluhkiegaaktsede
748.	tjïjhtjetjuetienjieljeluhkiegaaktsede
748.	tjïjhtjetjuetienieljieluhkiegaaktsede
748.	tjïjhtjetjuetienieljeluhkiegaaktsede

749.	tjïjhtjetjuetienjieljieluhkieåktsede
749.	tjïjhtjetjuetienjieljeluhkieåktsede
749.	tjïjhtjetjuetienieljieluhkieåktsede
749.	tjïjhtjetjuetienieljeluhkieåktsede

750.	tjïjhtjetjuetievïjhteluhkede

751.	tjïjhtjetjuetievïjhteluhkievoestes

752.	tjïjhtjetjuetievïjhteluhkiemubpie

753.	tjïjhtjetjuetievïjhteluhkiegåalmede

754.	tjïjhtjetjuetievïjhteluhkienjealjede

755.	tjïjhtjetjuetievïjhteluhkievijhtede

756.	tjïjhtjetjuetievïjhteluhkiegovhtede

757.	tjïjhtjetjuetievïjhteluhkietjïjhtjede

758.	tjïjhtjetjuetievïjhteluhkiegaaktsede

759.	tjïjhtjetjuetievïjhteluhkieåktsede

760.	tjïjhtjetjuetiegovhteluhkede

761.	tjïjhtjetjuetiegovhteluhkievoestes

762.	tjïjhtjetjuetiegovhteluhkiemubpie

763.	tjïjhtjetjuetiegovhteluhkiegåalmede

764.	tjïjhtjetjuetiegovhteluhkienjealjede

765.	tjïjhtjetjuetiegovhteluhkievijhtede

766.	tjïjhtjetjuetiegovhteluhkiegovhtede

767.	tjïjhtjetjuetiegovhteluhkietjïjhtjede

768.	tjïjhtjetjuetiegovhteluhkiegaaktsede

769.	tjïjhtjetjuetiegovhteluhkieåktsede

770.	tjïjhtjetjuetietjïjhtjeluhkede

771.	tjïjhtjetjuetietjïjhtjeluhkievoestes

772.	tjïjhtjetjuetietjïjhtjeluhkiemubpie

773.	tjïjhtjetjuetietjïjhtjeluhkiegåalmede

774.	tjïjhtjetjuetietjïjhtjeluhkienjealjede

775.	tjïjhtjetjuetietjïjhtjeluhkievijhtede

776.	tjïjhtjetjuetietjïjhtjeluhkiegovhtede

777.	tjïjhtjetjuetietjïjhtjeluhkietjïjhtjede

778.	tjïjhtjetjuetietjïjhtjeluhkiegaaktsede

779.	tjïjhtjetjuetietjïjhtjeluhkieåktsede

780.	tjïjhtjetjuetiegaektsieluhkede

781.	tjïjhtjetjuetiegaektsieluhkievoestes

782.	tjïjhtjetjuetiegaektsieluhkiemubpie

783.	tjïjhtjetjuetiegaektsieluhkiegåalmede

784.	tjïjhtjetjuetiegaektsieluhkienjealjede

785.	tjïjhtjetjuetiegaektsieluhkievijhtede

786.	tjïjhtjetjuetiegaektsieluhkiegovhtede

787.	tjïjhtjetjuetiegaektsieluhkietjïjhtjede

788.	tjïjhtjetjuetiegaektsieluhkiegaaktsede

789.	tjïjhtjetjuetiegaektsieluhkieåktsede

790.	tjïjhtjetjuetieuktsieluhkede

791.	tjïjhtjetjuetieuktsieluhkievoestes

792.	tjïjhtjetjuetieuktsieluhkiemubpie

793.	tjïjhtjetjuetieuktsieluhkiegåalmede

794.	tjïjhtjetjuetieuktsieluhkienjealjede

795.	tjïjhtjetjuetieuktsieluhkievijhtede

796.	tjïjhtjetjuetieuktsieluhkiegovhtede

797.	tjïjhtjetjuetieuktsieluhkietjïjhtjede

798.	tjïjhtjetjuetieuktsieluhkiegaaktsede

799.	tjïjhtjetjuetieuktsieluhkieåktsede

800.	gaektsietjuatede

801.	gaektsietjuetievoestes

802.	gaektsietjuetiemubpie

803.	gaektsietjuetiegåalmede

804.	gaektsietjuetienjealjede

805.	gaektsietjuetievijhtede

806.	gaektsietjuetiegovhtede

807.	gaektsietjuetietjïjhtjede

808.	gaektsietjuetiegaaktsede

809.	gaektsietjuetieåktsede

810.	gaektsietjuetielåhkede

811.	gaektsietjuetieluhkievoestes

812.	gaektsietjuetieluhkiemubpie

813.	gaektsietjuetieluhkiegåalmede

814.	gaektsietjuetieluhkienjealjede

815.	gaektsietjuetieluhkievijhtede

816.	gaektsietjuetieluhkiegovhtede

817.	gaektsietjuetieluhkietjïjhtjede

818.	gaektsietjuetieluhkiegaaktsede

819.	gaektsietjuetieluhkieåktsede

820.	gaektsietjuetiegöökteluhkede

821.	gaektsietjuetiegöökteluhkievoestes

822.	gaektsietjuetiegöökteluhkiemubpie

823.	gaektsietjuetiegöökteluhkiegåalmede

824.	gaektsietjuetiegöökteluhkienjealjede

825.	gaektsietjuetiegöökteluhkievijhtede

826.	gaektsietjuetiegöökteluhkiegovhtede

827.	gaektsietjuetiegöökteluhkietjïjhtjede

828.	gaektsietjuetiegöökteluhkiegaaktsede

829.	gaektsietjuetiegöökteluhkieåktsede

830.	gaektsietjuetiegolmeluhkede

831.	gaektsietjuetiegolmeluhkievoestes

832.	gaektsietjuetiegolmeluhkiemubpie

833.	gaektsietjuetiegolmeluhkiegåalmede

834.	gaektsietjuetiegolmeluhkienjealjede

835.	gaektsietjuetiegolmeluhkievijhtede

836.	gaektsietjuetiegolmeluhkiegovhtede

837.	gaektsietjuetiegolmeluhkietjïjhtjede

838.	gaektsietjuetiegolmeluhkiegaaktsede

839.	gaektsietjuetiegolmeluhkieåktsede

840.	gaektsietjuetienjieljieluhkede
840.	gaektsietjuetienjieljeluhkede
840.	gaektsietjuetienieljieluhkede
840.	gaektsietjuetienieljeluhkede

841.	gaektsietjuetienjieljieluhkievoestes
841.	gaektsietjuetienjieljeluhkievoestes
841.	gaektsietjuetienieljieluhkievoestes
841.	gaektsietjuetienieljeluhkievoestes

842.	gaektsietjuetienjieljieluhkiemubpie
842.	gaektsietjuetienjieljeluhkiemubpie
842.	gaektsietjuetienieljieluhkiemubpie
842.	gaektsietjuetienieljeluhkiemubpie

843.	gaektsietjuetienjieljieluhkiegåalmede
843.	gaektsietjuetienjieljeluhkiegåalmede
843.	gaektsietjuetienieljieluhkiegåalmede
843.	gaektsietjuetienieljeluhkiegåalmede

844.	gaektsietjuetienjieljieluhkienjealjede
844.	gaektsietjuetienjieljeluhkienjealjede
844.	gaektsietjuetienieljieluhkienjealjede
844.	gaektsietjuetienieljeluhkienjealjede

845.	gaektsietjuetienjieljieluhkievijhtede
845.	gaektsietjuetienjieljeluhkievijhtede
845.	gaektsietjuetienieljieluhkievijhtede
845.	gaektsietjuetienieljeluhkievijhtede

846.	gaektsietjuetienjieljieluhkiegovhtede
846.	gaektsietjuetienjieljeluhkiegovhtede
846.	gaektsietjuetienieljieluhkiegovhtede
846.	gaektsietjuetienieljeluhkiegovhtede

847.	gaektsietjuetienjieljieluhkietjïjhtjede
847.	gaektsietjuetienjieljeluhkietjïjhtjede
847.	gaektsietjuetienieljieluhkietjïjhtjede
847.	gaektsietjuetienieljeluhkietjïjhtjede

848.	gaektsietjuetienjieljieluhkiegaaktsede
848.	gaektsietjuetienjieljeluhkiegaaktsede
848.	gaektsietjuetienieljieluhkiegaaktsede
848.	gaektsietjuetienieljeluhkiegaaktsede

849.	gaektsietjuetienjieljieluhkieåktsede
849.	gaektsietjuetienjieljeluhkieåktsede
849.	gaektsietjuetienieljieluhkieåktsede
849.	gaektsietjuetienieljeluhkieåktsede

850.	gaektsietjuetievïjhteluhkede

851.	gaektsietjuetievïjhteluhkievoestes

852.	gaektsietjuetievïjhteluhkiemubpie

853.	gaektsietjuetievïjhteluhkiegåalmede

854.	gaektsietjuetievïjhteluhkienjealjede

855.	gaektsietjuetievïjhteluhkievijhtede

856.	gaektsietjuetievïjhteluhkiegovhtede

857.	gaektsietjuetievïjhteluhkietjïjhtjede

858.	gaektsietjuetievïjhteluhkiegaaktsede

859.	gaektsietjuetievïjhteluhkieåktsede

860.	gaektsietjuetiegovhteluhkede

861.	gaektsietjuetiegovhteluhkievoestes

862.	gaektsietjuetiegovhteluhkiemubpie

863.	gaektsietjuetiegovhteluhkiegåalmede

864.	gaektsietjuetiegovhteluhkienjealjede

865.	gaektsietjuetiegovhteluhkievijhtede

866.	gaektsietjuetiegovhteluhkiegovhtede

867.	gaektsietjuetiegovhteluhkietjïjhtjede

868.	gaektsietjuetiegovhteluhkiegaaktsede

869.	gaektsietjuetiegovhteluhkieåktsede

870.	gaektsietjuetietjïjhtjeluhkede

871.	gaektsietjuetietjïjhtjeluhkievoestes

872.	gaektsietjuetietjïjhtjeluhkiemubpie

873.	gaektsietjuetietjïjhtjeluhkiegåalmede

874.	gaektsietjuetietjïjhtjeluhkienjealjede

875.	gaektsietjuetietjïjhtjeluhkievijhtede

876.	gaektsietjuetietjïjhtjeluhkiegovhtede

877.	gaektsietjuetietjïjhtjeluhkietjïjhtjede

878.	gaektsietjuetietjïjhtjeluhkiegaaktsede

879.	gaektsietjuetietjïjhtjeluhkieåktsede

880.	gaektsietjuetiegaektsieluhkede

881.	gaektsietjuetiegaektsieluhkievoestes

882.	gaektsietjuetiegaektsieluhkiemubpie

883.	gaektsietjuetiegaektsieluhkiegåalmede

884.	gaektsietjuetiegaektsieluhkienjealjede

885.	gaektsietjuetiegaektsieluhkievijhtede

886.	gaektsietjuetiegaektsieluhkiegovhtede

887.	gaektsietjuetiegaektsieluhkietjïjhtjede

888.	gaektsietjuetiegaektsieluhkiegaaktsede

889.	gaektsietjuetiegaektsieluhkieåktsede

890.	gaektsietjuetieuktsieluhkede

891.	gaektsietjuetieuktsieluhkievoestes

892.	gaektsietjuetieuktsieluhkiemubpie

893.	gaektsietjuetieuktsieluhkiegåalmede

894.	gaektsietjuetieuktsieluhkienjealjede

895.	gaektsietjuetieuktsieluhkievijhtede

896.	gaektsietjuetieuktsieluhkiegovhtede

897.	gaektsietjuetieuktsieluhkietjïjhtjede

898.	gaektsietjuetieuktsieluhkiegaaktsede

899.	gaektsietjuetieuktsieluhkieåktsede

900.	uktsietjuatede

901.	uktsietjuetievoestes

902.	uktsietjuetiemubpie

903.	uktsietjuetiegåalmede

904.	uktsietjuetienjealjede

905.	uktsietjuetievijhtede

906.	uktsietjuetiegovhtede

907.	uktsietjuetietjïjhtjede

908.	uktsietjuetiegaaktsede

909.	uktsietjuetieåktsede

910.	uktsietjuetielåhkede

911.	uktsietjuetieluhkievoestes

912.	uktsietjuetieluhkiemubpie

913.	uktsietjuetieluhkiegåalmede

914.	uktsietjuetieluhkienjealjede

915.	uktsietjuetieluhkievijhtede

916.	uktsietjuetieluhkiegovhtede

917.	uktsietjuetieluhkietjïjhtjede

918.	uktsietjuetieluhkiegaaktsede

919.	uktsietjuetieluhkieåktsede

920.	uktsietjuetiegöökteluhkede

921.	uktsietjuetiegöökteluhkievoestes

922.	uktsietjuetiegöökteluhkiemubpie

923.	uktsietjuetiegöökteluhkiegåalmede

924.	uktsietjuetiegöökteluhkienjealjede

925.	uktsietjuetiegöökteluhkievijhtede

926.	uktsietjuetiegöökteluhkiegovhtede

927.	uktsietjuetiegöökteluhkietjïjhtjede

928.	uktsietjuetiegöökteluhkiegaaktsede

929.	uktsietjuetiegöökteluhkieåktsede

930.	uktsietjuetiegolmeluhkede

931.	uktsietjuetiegolmeluhkievoestes

932.	uktsietjuetiegolmeluhkiemubpie

933.	uktsietjuetiegolmeluhkiegåalmede

934.	uktsietjuetiegolmeluhkienjealjede

935.	uktsietjuetiegolmeluhkievijhtede

936.	uktsietjuetiegolmeluhkiegovhtede

937.	uktsietjuetiegolmeluhkietjïjhtjede

938.	uktsietjuetiegolmeluhkiegaaktsede

939.	uktsietjuetiegolmeluhkieåktsede

940.	uktsietjuetienjieljieluhkede
940.	uktsietjuetienjieljeluhkede
940.	uktsietjuetienieljieluhkede
940.	uktsietjuetienieljeluhkede

941.	uktsietjuetienjieljieluhkievoestes
941.	uktsietjuetienjieljeluhkievoestes
941.	uktsietjuetienieljieluhkievoestes
941.	uktsietjuetienieljeluhkievoestes

942.	uktsietjuetienjieljieluhkiemubpie
942.	uktsietjuetienjieljeluhkiemubpie
942.	uktsietjuetienieljieluhkiemubpie
942.	uktsietjuetienieljeluhkiemubpie

943.	uktsietjuetienjieljieluhkiegåalmede
943.	uktsietjuetienjieljeluhkiegåalmede
943.	uktsietjuetienieljieluhkiegåalmede
943.	uktsietjuetienieljeluhkiegåalmede

944.	uktsietjuetienjieljieluhkienjealjede
944.	uktsietjuetienjieljeluhkienjealjede
944.	uktsietjuetienieljieluhkienjealjede
944.	uktsietjuetienieljeluhkienjealjede

945.	uktsietjuetienjieljieluhkievijhtede
945.	uktsietjuetienjieljeluhkievijhtede
945.	uktsietjuetienieljieluhkievijhtede
945.	uktsietjuetienieljeluhkievijhtede

946.	uktsietjuetienjieljieluhkiegovhtede
946.	uktsietjuetienjieljeluhkiegovhtede
946.	uktsietjuetienieljieluhkiegovhtede
946.	uktsietjuetienieljeluhkiegovhtede

947.	uktsietjuetienjieljieluhkietjïjhtjede
947.	uktsietjuetienjieljeluhkietjïjhtjede
947.	uktsietjuetienieljieluhkietjïjhtjede
947.	uktsietjuetienieljeluhkietjïjhtjede

948.	uktsietjuetienjieljieluhkiegaaktsede
948.	uktsietjuetienjieljeluhkiegaaktsede
948.	uktsietjuetienieljieluhkiegaaktsede
948.	uktsietjuetienieljeluhkiegaaktsede

949.	uktsietjuetienjieljieluhkieåktsede
949.	uktsietjuetienjieljeluhkieåktsede
949.	uktsietjuetienieljieluhkieåktsede
949.	uktsietjuetienieljeluhkieåktsede

950.	uktsietjuetievïjhteluhkede

951.	uktsietjuetievïjhteluhkievoestes

952.	uktsietjuetievïjhteluhkiemubpie

953.	uktsietjuetievïjhteluhkiegåalmede

954.	uktsietjuetievïjhteluhkienjealjede

955.	uktsietjuetievïjhteluhkievijhtede

956.	uktsietjuetievïjhteluhkiegovhtede

957.	uktsietjuetievïjhteluhkietjïjhtjede

958.	uktsietjuetievïjhteluhkiegaaktsede

959.	uktsietjuetievïjhteluhkieåktsede

960.	uktsietjuetiegovhteluhkede

961.	uktsietjuetiegovhteluhkievoestes

962.	uktsietjuetiegovhteluhkiemubpie

963.	uktsietjuetiegovhteluhkiegåalmede

964.	uktsietjuetiegovhteluhkienjealjede

965.	uktsietjuetiegovhteluhkievijhtede

966.	uktsietjuetiegovhteluhkiegovhtede

967.	uktsietjuetiegovhteluhkietjïjhtjede

968.	uktsietjuetiegovhteluhkiegaaktsede

969.	uktsietjuetiegovhteluhkieåktsede

970.	uktsietjuetietjïjhtjeluhkede

971.	uktsietjuetietjïjhtjeluhkievoestes

972.	uktsietjuetietjïjhtjeluhkiemubpie

973.	uktsietjuetietjïjhtjeluhkiegåalmede

974.	uktsietjuetietjïjhtjeluhkienjealjede

975.	uktsietjuetietjïjhtjeluhkievijhtede

976.	uktsietjuetietjïjhtjeluhkiegovhtede

977.	uktsietjuetietjïjhtjeluhkietjïjhtjede

978.	uktsietjuetietjïjhtjeluhkiegaaktsede

979.	uktsietjuetietjïjhtjeluhkieåktsede

980.	uktsietjuetiegaektsieluhkede

981.	uktsietjuetiegaektsieluhkievoestes

982.	uktsietjuetiegaektsieluhkiemubpie

983.	uktsietjuetiegaektsieluhkiegåalmede

984.	uktsietjuetiegaektsieluhkienjealjede

985.	uktsietjuetiegaektsieluhkievijhtede

986.	uktsietjuetiegaektsieluhkiegovhtede

987.	uktsietjuetiegaektsieluhkietjïjhtjede

988.	uktsietjuetiegaektsieluhkiegaaktsede

989.	uktsietjuetiegaektsieluhkieåktsede

990.	uktsietjuetieuktsieluhkede

991.	uktsietjuetieuktsieluhkievoestes

992.	uktsietjuetieuktsieluhkiemubpie

993.	uktsietjuetieuktsieluhkiegåalmede

994.	uktsietjuetieuktsieluhkienjealjede

995.	uktsietjuetieuktsieluhkievijhtede

996.	uktsietjuetieuktsieluhkiegovhtede

997.	uktsietjuetieuktsieluhkietjïjhtjede

998.	uktsietjuetieuktsieluhkiegaaktsede

999.	uktsietjuetieuktsieluhkieåktsede

1000.	1000.	+?

