aeg|time|время|Zeit|aika|1
aga|but|а|aber|mutta|1
aga sinul?|and you?|а у тебя?|und du/dir?|entäs sinulle?|1
aitäh|thank you|спасибо|danke|kiitos|1
armastama|to love|любить|lieben|rakastaa|1
asuma|to be situated|находиться|sich befinden|sijaita|1
Eesti|Estonia|Эстония|Estland|Viro, Eesti|1
ei|no|нет|nein|ei|1
elama|to live|жить|leben|asua|1
harjutus|exercise|упражнение|Übung|harjoitus|1
hea|good|хороший|gut|hyvä|1
head aega!|goodbye!|до свидания!|auf Wiedersehen!|näkemiin!|1
head päeva!|have a good day!|всего доброго!|schönen Tag!|hyvää päivän jatkoa!|1
head õhtut!|have a good evening!|всего доброго!|guten Abend!|hyvää illan jatkoa!|1
head ööd!|good night!|спокойной ночи!|gute Nacht!|hyvää yötä!|1
hommik|morning|утро|Morgen|aamu|1
homseni|till tomorrow|до завтра!|bis morgen!|huomiseen|1
hästi|well|хорошо|gut|hyvin|1
Ida-Eesti|Eastern Estonia|Восточная Эстония|Ostestland|Itä Viro|1
ilus|beautiful|красивый|schön|kaunis|1
ja|and|и|und|ja, sekä|1
jaa|yes|да|ja|kyllä|1
jah|yes|да|ja|kyllä|1
jalg|foot, leg|нога|Fuß, Bein|jalka|1
järv|lake|озеро|See|järvi|1
ka|also|тоже, также, и|auch|myöskin|1
kaart|map, card|карта, открытка|Karte, Landkarte|kartta|1
Kas tõesti?|Really?|Неужели? Разве?|echt? wirklich?|Todellako?|1
kas?|question word, yes/no question word|ли|Fragewort, ja/nein Fragewort|-ko,-kö, joko|1
kes?|who?|кто?|wer?|kuka? ketkä?|1
Kuidas läheb?|How is it going? How are you?|Как дела? Как идут дела?|Wie geht’s?|Mitä kuuluu? Miten voit?|1
kus?|where?|где?|wo? worin?|missä?|1
kuu|moon, month|луна|Mond, Monat|kuukausi|1
kõrv|ear|ухо|Ohr|korva|1
käsi|hand|рука|Hand|käsi|1
lai|wide|широкий|breit|leveä, laaja|1
linn|town|город|Stadt|kaupunki|1
Lõuna-Eesti|Southern Estonia|Южная Эстония|Südestland|Etelä Viro|1
Lääne-Eesti|Western Estonia|Западная Эстония|Westestland|Länsi Viro|1
maa|country, land|страна, земля|Land|maa|1
maakond|county|уезд|Landkreis|maakunta|1
meie oleme|we are|мы (есть), мы|wir sind|me olemme|1
me oleme|we are|мы (есть), мы|wir sind|me olemme|1
mida|which|чтo|was|jota|1
mina olen|I am|я (есть), я|ich bin|minä olen|1
ma olen|I am|я (есть), я|ich bin|minä olen|1
minu nimi ei ole|my name is not|моё имя не|ich heiße nicht|minun nimeni ei ole|1
minu nimi on|my name is|меня зовут|ich heiße|minun nimeni on|1
mis?|what?|что?|was?|mikä|1
nagu|like|как, будто|wie|niinkuin|1
nemad on|they are|они (есть), они|sie sind|he ovat|1
nad on|they are|они (есть), они|sie sind|he ovat|1
nende nimi|their name|их имя|ihr Name|heidän nimi|1
nina|nose|нос|Nase|nenä|1
nimi|name|имя|Name|nimi|1
nägemist|see you|до свидания!|auf Wiedersehen!|näkemiin|1
nägemiseni|see you|до свидания!|auf Wiedersehen!|näkemiin|1
nägu|face|лицо|Gesicht|kasvot|1
näopilt|portrait|портрет|Porträt, Bildnis|potretti, kasvokuva|1
olema|to be|быть, находиться|sein (Verb), sein|olla|1
palun|please|пожалуйста|bitte, bitte schön|ole hyvä, olkaa hyvä|1
parem|right|правый|rechter|oikea|1
pea|head|голова|Kopf|pää|1
pealinn|capital city|столица|Hauptstadt|pääkaupunki|1
poiss|boy|мальчик|Junge, Knabe|poika|1
pole viga|not bad|ничего|nicht schlecht|ei moittimista|1
praegu|now|сейчас, теперь|jetzt, zur Zeit|nyt, tällä hetkellä|1
Põhja-Eesti|Northern Estonia|Северная Эстония|Nordestland|Pohjois Viro|1
päev|day|день|Tag|päivä|1
päike|sun|солнце|Sonne|aurinko|1
see|this|этот, это, эта|das, dieser|tämä, se|1
siin|here|здесь|hier|tässä, täällä|1
siis|then|тогда|dann|sitten,silloin|1
silm|eye|глаз|Auge|silmä|1
sina oled|you are|ты (есть), ты|du bist|sinä olet|1
sa oled|you are|ты (есть), ты|du bist|sinä olet|1
sinu nimi|your name|тебя зовут|dein Name|sinun nimi|1
su nimi|your name|тебя зовут|dein Name|sinun nimi|1
suu|mouth|рот|Mund|suu|1
taevas|sky|небо|Himmel|taivas|1
tark|smart|умный|klug, weise|viisas, älykäs|1
teie olete|you are|вы (есть), вы|ihr seid|te olette|1
te olete|you are|вы (есть), вы|ihr seid|te olette|1
tema nimi|his name, her name|его имя, её имя|sein Name, ihr Name|hänen nimi|1
ta nimi|his name, her name|его имя, её имя|sein Name, ihr Name|hänen nimi|1
tema on|s/he is, she is, he is|он, она, он (есть)|er/sie/es ist, er ist, sie ist, es ist|hän on|1
ta on|s/he is, she is, he is|он (есть) он, она|er/sie/es ist, er ist, sie ist, es ist|hän on|1
tere hommikust!|good morning!|доброе утро!|guten Morgen!|hyvää huomenta!|1
tere päevast!|good afternoon!|добрый день!|guten Tag!|hyvää päivää!|1
tere õhtust!|good evening!|добрый вечер!|guten Abend!|hyvää iltaa!|1
tere!|hello|здравствуй, здравствуйте привет!|hallo, guten Tag!|hei, terve, moi!|1
tervist!|hello|здравствуй, здравствуйте, привет!|hallo, guten Tag!|hei, terve, moi!|1
tubli|good (at smth), good|хороший, отличный|schlau, gescheit|hyvä, kelpo, kunnon|1
tõesti|really|действительно|wirklich|todella, tosiaan|1
tüdruk|girl|девочка|Mädchen|tyttö|1
vabandust|sorry|извини, извините|Entschuldigung!|anteeksi|1
vana|old|старый, старинный|alt|vanha|1
vasak|left|левый|links|vasen|1
väga|very|очень|sehr|erittäin|1
väga meeldiv|very nice|очень приятно|sehr erfreut!|erittäin miellyttävä|1
väike|small, little|маленький|klein|pieni|1
õhtu|evening|вечер|Abend|ilta|1
öö|night|ночь|Nacht|yö|1
ümar|round|круглый|rund|pyöreä|1
aeglasemalt|more slowly|медленнее|langsamer|hitaammin|2
ainult|only|только|nur|ainoa|2
aru saama|to understand|понимать|verstehen|ymmärtää, käsittää|2
eestlane|Estonian|эстонец, эстонка|Este|virolainen|2
ema|mother|мама, мать|Mutter|äiti|2
emakeel|mother tongue|родной язык|Muttersprache|äidinkieli|2
grammatika|grammar|грамматика|Grammatik|kielioppi|2
Hiina|China|Китай|China|Kiina|2
hiinlane|Chinese|китаец, китаянка|Chinese|kiinalainen|2
Hispaania|Spain|Испания|Spanien|Espanja|2
hispaanlane|Spaniard|испанец, испанка|Spanier|espanjalainen|2
iga|every|каждый|jede|joka|2
Inglismaa|England|Англия|England|Englanti|2
inglane|Englishman|англичанин, англичанка|Engländer|englantilainen|2
inimene|person|человек|Mensch, Person|ihminen|2
isa|father|папа, отец|Vater|isä|2
Itaalia|Italy|Италия|Italien|Italia|2
itaallane|Italian|итальянец, итальянка|Italiener|italialainen|2
juba|already|уже|schon|jo, -han, -hän|2
kahjuks|unfortunately|к сожалению|leider|valitettavasti|2
keel|language, tongue|язык|Sprache, Zunge|kieli|2
keeltekool|language school|языковая школа|Sprachschule|kielikoulu|2
kerge|easy|легкий|einfach, leicht|helppo|2
kirjutama|to write|писать|schreiben|kirjoitaa|2
kodu|home|дом|Zuhause|koti|2
kool|school|школа|Schule|koulu|2
koolis|at school, in school|в школе|in der Schule|koulussa|2
kursusel|in the course|на курсах|im Kurs|kurssilla|2
kust?|from where?|откуда?|woher? woraus?|mistä?|2
Leedu|Lithuania|Литва|Litauen|Liettua|2
leedulane|Lithuanian|литовец, литовка|Litauer|liettualainen|2
lugema|to read|читать|lesen|lukea|2
luuletus|poem|стихотворение|Gedicht|runo|2
Läti|Latvia|Латвия|Lettland|Latvia|2
lätlane|Latvian|латыш, латышка|Lette|latvialainen|2
Läänemeri|Baltic Sea|Балтийское море|Ostsee|Itä meri|2
meil|e-mail|электронная почта|Email|sähköposti, e-mail|2
meri|sea|море|Meer|meri|2
mulle|to me|мне|mir|minulle|2
natuke|a little|немного|ein bisschen|vähän|2
nii|so|так|so|niin, näin, siten|2
Norra|Norway|Норвегия|Norwegen|Norja|2
norralane|Norwegian|норвежец, норвежка|Norweger|norjalainen|2
nüüd|now|сейчас|jetzt|nyt|2
olen õppinud|I have studied|я учился|ich habe studiert|olen oppinut|2
oma|one’s own|свой|eigene|oma|2
oskama|to be able to, can|уметь, владеть|können|osata, kyetä|2
Poola|Poland|Польша|Polen|Puola|2
poolakas|Pole|поляк, полька|Pole|puolalainen|2
Prantsusmaa|France|Франция|Frankreich|Ranska|2
prantslane|Frenchman|француз, француженка|Franzose|ranskalainen|2
päris|quite|довольно|ziemlich|aika, melko|2
pärit olema|быть родом|(her)kommen, herkommen, kommen|olla kotoisin|2
raamat|book|книга|Buch|kirja|2
rahvus|nationality|национальность|Nation|kansa|2
raske|difficult, heavy|трудный, тяжёлый|schwierig, schwer|vaikea, raskeas|2
riik|state, country|государство|Staat, Land|valtio|2
Rootsi|Sweden|Швеция|Schweden|Ruotsi|2
rootslane|Swede|швед, шведка|Schwede|ruotsalainen|2
rääkima|to speak|говорить|sprechen|puhua|2
Saksamaa|Germany|Германия|Deutschland|Saksa|2
sakslane|German|немец, немка|Deutscher|saksalainen|2
Soome|Finland|Финляндия|Finnland|Suomi|2
soomlane|Finn|финн, финка|Finne|suomalainen|2
suur|big|большой|groß|suuri|2
sõna|word|слово|Wort|sana|2
sündima|to be born|родиться|geboren sein|syntyä|2
Taani|Denmark|Дания|Dänemark|Tanska|2
taanlane|Dane|датчанин, датчанка|Däne|tanskalainen|2
tuttavaks saama|to get acquainted|познакомиться|sich kennenlernen|tutustua|2
Ungari|Hungary|Венгрия|Ungarn|Unkari|2
ungarlane|Hungarian|венгр, венгерка|Ungar|unkarilainen|2
vanaema|grandmother|бабушка|Großmutter|isoäiti|2
veel|else|ещё|noch|vielä|2
Venemaa|Russia|Россия|Russland|Venäjä|2
venelane|Russian|русский, русская|Russe|venäläinen|2
õpetaja|teacher|учитель, учительница|Lehrer|opettaja|2
õpetama|to teach|преподавать|lehren, unterrichten|opettaa|2
õpik|textbook|учебник|Lehrbuch|oppikirja|2
õpilane|student|ученик, ученица|Schüler|oppilas|2
õppima|to study|учиться, изучать|lernen, studieren|oppia|2
ääres|at|у|an, entlang|vieressä, äärellä|2
ülikool|university|университет|Universität|yliopisto|2
üliõpilane|university student|студент|Student|yliopiston opiskelija|2
aadress|address|адрес|Adresse|osoite|3|3
etteütlus|dictation|диктант|Diktat|sanelu|3
helistama|to call|звонить|anrufen|soittaa|3
homme|tomorrow|завтра|morgen|huomenna|3
härra|Mr.|господин|Herr|herra|3
kesklinn|city center|центр города|Stadtmitte|keskikaupunki|3
kivi|rock, stone|камень|Stein|kivi|3
konn|frog|лягушка|Frosch|sammakko|3
kord|time|раз|mal|kerta|3
korter|apartment, flat|квартира|Wohnung|asunto|3
küsima|to ask a question|спрашивать|fragen|kysyä|3
lause|sentence|предложение|Satz|lause|3
lehekülg|page|страница|Seite|sivu|3
linnaosa|district|часть города, район|Stadtteil|kaupunginosa|3
lugupeetud|esteemed|уважаемый|geehrte, geehrter, verehrte, verehrter|arvoisa|3
maantee|main road, highway|шоссе|Landstraße|maantie|3
maja|house|дом|Haus|talo|3
mark|stamp|марка|Briefmarke|postimerkki|3
miljon|million|миллион|Million|miljoona|3
muidugi|of course|конечно|natürlich|tietysti|3
mul on|I have|у меня|ich habe|minulla on|3
mulle|to me|мне|mir|minulle|3
mägi|mountain, hill|гора|Berg|mäki|3
null|zero|ноль|Null|nolla|3
number|number|номер|Nummer, Zahl|numero|3
numbreid|3
olgu|okay|ладно|in Ordnung|okei|3
oma|one’s own|свой|eigene|oma|3
proua|Mrs.|госпожа|Frau|rouva|3
puiestee|avenue, boulevard|бульвар|Allee|puistotie, bulevardi|3
saatma|to send|посылать|schicken, senden|lähettää|3
sada|hundred|сто|Hundert|sata|3
sadam|port, harbor|порт|Hafen|satama|3
sama|same|тот же самый|selbe|sama|3
selge|clear|ясный|klar|selvä, selkeä|3
supp|soup|суп|Suppe|keitto|3
tal on|he has, she has|у него|er hat, sie hat, es hat|hänellä on|3
talle|to him, to her|ему|ihm, ihr|hänelle|3
tavaline|regular, usual|обычный|üblich, gewöhnlich|tavallinen|3
teadma|to know|знать|wissen|tietää|3
tee|road|дорога|Weg|tie|3
telefon|telephone|телефон|Telefon|puhelin|3
tuhat|thousand|тысяча|Tausend|tuhat|3
täht|letter, star|буква, звезда|Buchstabe, Stern|kirjain, tähti|3
tänav|street|улица|Straße|katu|3
töötama|to work|работать|arbeiten|työskennellä|3
umbes|about|примерно, около|etwa, ungefähr|noin, suunnilleen|3
uus|new|новый|neu|uusi|3
vabandama|to pardon|извиняться|entschuldigen|pyytää anteeksi|3vale|wrong|ложь, неправда|falsch|väärä|3
vald|rural municipality|волость|Gemeinde, Bezirk|kunta, maalaiskunta|3
vana|old|старый, старинный|alt|vanha|3
vastama|to answer|отвечать|antworten|vastata|3
vastus|answer|ответ|Antwort|vastaus|3
väike|little, small|маленький|klein|pieni|3
õige|right, correct|правильно, верно|richtig|oikea|3
öelge!|tell me|скажите|sagen Sie! sagt!|kerro minulle!|3
ümbrik|envelope|конверт|Umschlag|kirjekuori|3
ütlema|to say|сказать|sagen|sanoa|3
abielus|married|женат|verheiratet|naimisissa|4
ainsus|singular|единственное число|Singular|yksikkö, singulaari|4
armastus|love|любовь|Liebe|rakkaus|4
arvama|to think|думать, считать|denken, meinen|ajatella, luulla|4
auto|car|машина|Auto|auto|4
eriti|especially|особенно|besonders|erittäin|4
et|that|что|dass|että|4
hall|grey|серый|grau|harmaa|4
hele|light|светлый|hell|vaalea|4
istuma|to sit|сидеть|sitzen|istua|4
jalgade peal|on one’s feet|на ногах|auf den Beinen|jaloilleen|4
jalgratas|велосипед|Fahrrad|polkupyörä|4
jälle|again|опять|wieder, nochmals|taas, jälleen|4
järv|lake|озеро|See|järvi|4
kass|cat|кот, кошка|Katze|kissa|4
keda?|whom?|кого?|wen?|kenet?|4
kelle?|whose?|чей? чья? чьё?|wessen? wem?|kenen?|4
kellel on?|who has?|у кого есть?|wer hat?|kenellä on?|4
kellele meeldib?|who likes?|кому нравится?|wer mag? wem gefällt?|kuka pitää?|4
koer|dog|собака|Hund|koira|4
kollane|yellow|жёлтый|gelb|keltainen|4
kott|bag|сумка, мешок|Tasche, Tüte, Beutel|kassi, laukku|4
kõndima|to walk|ходить, шагать|spazieren, zu Fuß gehen|kävellä|4
küll|indeed|да|tatsächlich, doch|kyllä, -pas, -päs|4
laps|child|ребёнок|Kind|lapsi|4
laud|table|стол|Tisch|pöytä|4
lill|flower|цветок|Blume|kukka|4
loom|animal|зверь|Tier|eläin|4
luuletus|poem|стихотворение|Gedicht|runo|4
lühike|short|короткий|kurz|lyhyt|4
meeldima|to like|нравиться|mögen|pitää, tykätä|4
mees|man, husband|мужчина, муж|Mann|mies, aviomies|4
mida?|what?|что?|was?|mitä?|4
mille?|of what?|чего?|wovon?|minkä?|4
minul on|I have|у меня есть|ich habe|minulla on|4
mul on|I have|у меня есть|ich habe|minulla on|4
minule meeldib|I like|мне нравится|ich mag|minä pidän|4
mulle meeldib|I like|мне нравится|ich mag|minä pidän|4
mis?|what?|что?|was?|mikä|4
mitte eriti|not especially|не особенно|nicht besonders|ei erityisesti|4
mitmus|plural|множественное число|Plural|monikko, pluraali|4
mitu|several|несколько|mehrere|moni|4
mitu?|how many?|сколько?|wieviel? wie viel? wie viele?|kuinka monta?|4
muretsema|to worry|волноваться|sich sorgen|murehtia|4
must|black, dirty|чёрный, грязный|schwarz, schmutzig|musta|4
naine|woman, wife|женщина, жена|Frau|nainen, aviovaimo|4
need|they, these|эти|diese|nämä, ne|4
nimetav|nominative|кто? что?|Nominativ|nominatiivi|4
omastav|genitive|кого? чего? чей?|Genitiv|genitiivi|4osastav|partitive|кого? что? чего?|Partitiv|partitiivi|4
pastakas|pen|шариковая ручка|Stift|kuulakärkikynä|4
peal|on|на|auf|päällä|4
pere|family|семья|Familie|perhe|4
pikk|long, tall|длинный, высокий|lang|pitkä|4
pliiats|pencil|карандаш|Bleistift|lyijykynä|4
poeg|son|сын|Sohn|poika|4
pole|am not, is not, has not, have not|нет|nicht, ist nicht|ei ole|4
ei ole|am not, is not, has not, have not|нет|nicht, ist nicht|ei ole|4
pruun|brown|коричневый|braun|ruskea|4
punane|red|красный|rot|punainen|4
puu|tree, wood|дерево|Baum, Holz|puu|4
raamat|book|книга|Buch|kirja|4
roheline|green|зеленый|grün|vihreä|4
saba|tail|хвост|Schwanz|häntä|4
seisma|to stand|стоять|stehen|seisoa|4
sinine|blue|синий|blau|sininen|4
sõber|friend|друг|Freund|ystävä|4
sõbralik|friendly|дружелюбный|freundlich|ystävällinen|4
teine|other, another, second|второй, другой|anderer, zweiter|toinen|4
tool|chair|стул|Stuhl|tuoli|4
tume|dark|тёмный|dunkel|tumma|4
töö|work|работа|Arbeit|työ|4
tütar|daughter|дочь|Tochter|tytär|4
vaatama|to look at, watch|смотреть|schauen, anschauen|katsoa|4
valge|white|белый|weiß|valkoinen|4
vari|shadow|тень|Schatten|varjo|4
vend|brother|брат|Bruder|veli|4
vihik|notebook|тетрадь|Heft|vihko|4
või|or|или|oder|tai|4
värv|color|цвет|Farbe|väri|4
õde|sister|сестра|Schwester|sisko|4
ära|don’t, don't...!|не|nicht… !|älä|4
ärge|don’t, don't...!|не|nicht… !|älkää|4
aasta|year|год|Jahr|vuosi|5|5
algama|to start, to begin|начинаться|anfangen|alkaa|5
aken|window|окно|Fenster|ikkuna|5
asendama|to substitute|заменять|ersetzen|korvata|5
buss|bus|автобус|Bus|linja-auto, bussi|5
bussijaam|bus station|автовокзал|Busbahnhof|linja-autoasema|5
eile|yesterday|вчера|gestern|eilen|5
eramaja|private house|частный дом|Familienhaus|omakotitalo|5
esmaspäev|Monday|понедельник|Montag|maanantai|5
halb|bad|плохой|schlecht|huono|5
hetk|moment|момент, мгновение|Moment|hetki|5
hiljaks jääma|to be late|опаздывать|sich verspäten|myöhästyä|5
ilm|weather|погода|Wetter|sää, ilma|5
järgmine|next|следующий|nächste, nächster, nächstes|seuraava|5
kassa|cash register|касса|Kasse|lippukassa|5
kaua|long time|долго|lange|kauan|5
kell|clock|час, часы|Uhr|kello|5
kellega?|with whom?|с кем?|mit wem?|kenen kanssa|5
kiiresti|quickly|быстро|schnell|nopeasti|5
kohe|immediately|сразу|sofort|heti, kohta|5
kolmapäev|Wednesday|среда|Mittwoch|keskiviikko|5
kolmveerand üks|a quarter to one|без четверти час|viertel vor eins|varttia vaille yksi|5
koos minuga|together with me|вместе со мной|mit mir zusammen|minun kanssa|5
kuhu?|to where?|куда?|wohin?|minne? mihin?|5kui|if|если, как, словно|wie, als|kun, jos, kuin|5
kuidas?|how?|как?|wie?|kuinka?|5
kui palju?|how much?|сколько?|wieviel? wie viel? wie viele?|kuinka paljon?|5
laev|ship|корабль|Schiff|laiva|5
laupäev|Saturday|суббота|Samstag|lauantai|5
lehm|cow|корова|Kuh|lehmä|5
lennuk|plane|самолёт|Flugzeug|lentokone|5
loeng|lecture|лекция|Vorlesung|luento|5
lõpp|end|конец|Ende|loppu|5
lõppema|to end, to finish|кончаться, заканчиваться|beenden|lopettaa, päättää|5
läheb|goes|идёт|geht|lähtee|5
lähedal|close|вблизи|nahe|lähellä|5
maksma|to pay|стоить, платить|bezahlen, kosten|maksaa|5
meeter|meter|метр|Meter|metri|5
meetreid|5
miks?|why?|почему?|warum?|miksi?|5
millal?|when?|когда?|wann?|milloin?|5
millega?|by what? with what?|чем? с чем?|womit?|millä?|5
minema|to go|идти, пойти|gehen|mennä|5
minut|minute|минута|Minute|minuutti|5
mõte|idea, thought|мысль, идея|Idee, Gedanke|ajatus|5
neljapäev|Thursday|четверг|Donnerstag|torstai|5
nädal|week|неделя|Woche|viikko|5
nädalavahetus|weekend|конец недели|Wochenende|viikonvaihde|5
peab|has to|должен, надо|muss|pitää, täytyy|5
peatus|stop, post|остановка|Haltestelle|pysäkki|5
piim|milk|молоко|Milch|maito|5
pilet|ticket|билет|Fahrkarte, Eintrittskarte|(matka)lippu, matkalippu, lippu|5
pool|half|половина|halb|puoli|5
praam|ferry|паром|Fähre|lautta|5
pühapäev|Sunday|воскресенье|Sonntag|sunnuntai|5
raha|money|деньги|Geld|raha|5
raudteejaam|train station|железнодорожный вокзал|Bahnhof|rautatieasema|5
reede|Friday|пятница|Freitag|perjantai|5
rong|train|поезд|Zug|juna|5
seal|there|там|dort|siellä|5
sealt|from there|оттуда|von dort|sieltä|5
sein|wall|стена|Wand|seinä|5
sekund|second|секунда|Sekunde|sekunti|5
sent|cent|цент|Cent|sentti|5
siia|to here|сюда|hierhin|tänne|5
siit|from here|отсюда|hierher|täältä|5
sild|bridge|мост|Brücke|silta|5
sinna|to there, there|туда|dahin|sinne, siihen, tuonne|5
sooduspilet|discount ticket|льготный билет|ermäßigte Fahrkarte|alennuslippu|5
sularaha|cash|наличные|Bargeld|käteinen raha|5
sõiduk|vehicle|транспортное средство|Verkehrsmittel|ajoneuvo|5
sõiduplaan|schedule|расписание движения|Fahrplan|aikataulu|5
sõitma|to drive, to ride|ездить, ехать|fahren|matkustaa, ajaa|5
tagasi|back|назад|zurück|takaisin|5
takso|taxi|такси|Taxi|taksi|5
tegema|to do, to make|делать|machen, tun|tehdä|5
teisipäev|Tuesday|вторник|Dienstag|tiistai|5
tellimine|ordering|заказ|Bestellung|tilata|5
tramm|tram, streetcar|трамвай|Straßenbahn|raitiovaunu|5
troll|trolley bus|троллейбус|Oberleitungsbus|johdinauto, trolleybussi|5
tulema|to come|идти, приходить|kommen|tulla|5
tund|lesson, hour|час, урок|Stunde, Unterrichtsstunde tunti|5täna|today|сегодня|heute|tänään|5
tänama|to thank|благодарить|danken|kiittää|5
tänan väga|thank you very much|благодарю|danke sehr!|suuri kiitos|5
suur tänu|(big) thank you! thank you! big thank you!|большое спасибо|vielen Dank!|kiitos paljon|5
tähtis|important|важный|wichtig|tärkeä|5
täpselt|exactly|точно|genau|täsmälleen|5
uks|door|дверь|Tür|ovi|5
vanemad|parents|родители|Eltern|vanhemmat|5
vara|early|рано|früh|aikaisin|5
veab|transports|возит|transportiert|kuljettaa, vetää|5
veerand viis|a quarter past four|четверть пятого|viertel nach vier|vartti yli neljä|5
viga|mistake|ошибка|Fehler|vika|5
viima|to take somewhere|нести, веcти|bringen, tragen|viedä|5
viimane|last|последний|letzte, letzter, letztes|viimeinen|5
vist|probably|наверное|wahrscheinlich|kai, ehkä, kenties|5
võib-olla|maybe|может быть|vielleicht|voi olla|5
välja|out|вы–, из|heraus|ulos|5
üleeile|day before yesterday|позавчера|vorgestern|toissa päivänä|5
ülehomme|day after tomorrow|послезавтра|übermorgen|ylihuomenna|5
üles tõusma|to get up|просыпаться|aufstehen|nousta|5
ära|away|долой|weg|pois, irti|5
aastaaeg|season|время года|Jahreszeit|vuodenaika|6|6
aed|garden|сад, огород|Garten|puutarha|6
alati|always|всегда|immer|aina, alati|6
algus|beginning|начало|Anfang|alku|6
all|under|под|unter|alla|6
ei... ega|neither… nor|ни... ни|weder... noch|ei… eikä|6
enam|more, any more|больше|mehr|enämmän, enää|6
huvitav|interesting|интересный|interessant|kiinnostava|6
hüppas|jumped|прыгал|hüpfte|hyppäsi|6
ise|myself|сам, сама|selbst|itse|6
jalutama|to walk|гулять|spazieren|kävellä|6
jooksma|to run|бегать|rennen, laufen|juosta|6
jõgi|river|река|Fluss|joki|6
jõulud|Christmas|Рождество|Weihnachten|joulu|6
jänes|rabbit, hare|заяц|Hase|jänis|6
keskel|in the middle of|посередине|inmitten von|keskellä|6
kevad|spring|весна|Frühling|kevät|6
koht|place|место|Ort|kohta|6
kraad|degree|градус|Grad|aste|6
kuid|but|но|sondern, aber|mutta, vaan|6
kunagi|ever|когда-то, никогда|jemals|joskus, ei koskaan|6
kõik|all|все, всё|alle, alles|kaikki|6
käima|to go (back and forth), to go|xодить, бывать|gehen (hin und zurück), gehen|käydä|6
küla|village|деревня|Dorf|kylä|6
külm|cold|холодно|kalt|kylmä|6
laulma|to sing|петь|singen|laulaa|6
leht|leaf|лист|Blatt|lehti|6
lendama|to fly|летать|fliegen|lentää|6
lind|bird|птица|Vogel|lintu|6
loss|castle|замок|Schloss|linna|6
lumemees|snowman|снеговик|Schneemann|lumiukko|6
lumememm|snow-woman|снежная баба|Schneefrau|lumiakka|6
lumi|snow|снег|Schnee|lumi|6
lund sajab|it’s snowing, it is snowing|идёт снег|es schneit|sataa lunta|6
lõbus|jolly, amusing|весёлый|freudig|hauska, huvittava|6
mets|forest, woods|лес|Wald|metsä|6
milline?|which? what kind of?|какой? какая? какое?|was für...? welche?|millainen?|6
missugune?|which? what kind of?|какой? какая? какое?|was für...? welche?|millainen?|6
mul on kiire|I‘m in a hurry.|я спешу|ich bin in Eile|minulla on kiire|6
muna|egg|яйцо|Ei|muna|6
mäng|game|игра|Spiel|leikki, peli|6
naljamees|funny guy|шутник, чудак|lustiger Kerl|vitsikäs mies|6
ning|and|и|und|sekä, ja|6
oks|branch|ветка|Ast|oksa|6
paistma|to shine|светить|scheinen, erscheinen|paistaa|6
park|park|парк|Park|puisto|6
peal|on|на|auf, über|päällä|6
perekond|family|семья|Familie|perhe|6
pesa|nest|гнездо|Nest|pesä|6
pilv|cloud|облако, туча|Wolke|pilvi|6
pilves|cloudy|облачный|bewölkt|pilvessä|6
pime|dark|тёмный|dunkel|pimeä|6
ploom|plum|слива|Pflaume|luumu|6
puhkama|to rest|отдыхать|sich ruhen, sich ausruhen, ruhen, ausruhen, sich erholen|levätä, lepäillä, viettää lomaa|6
puhkus|holiday, vacation|отдых, отпуск|Urlaub|loma|6
püha|state holiday|праздник|Feiertag|pyhä, juhlapäivä|6
reis|trip, journey|путешествие, поездка|Reise|matka|6
reisima|to travel|путешествовать|reisen|matkustaa|6
saar|island|остров|Insel|saari|6
sadama|to rain|идти (о дожде), идти|regnen|satama|6
sest|because|потому что|weil|koska|6
soe|warm|тёплый|warm|lämmin|6
soovima|to wish|желать|wünschen|toivoa|6
sulama|to melt|таять|schmelzen|sulattaa|6
suvi|summer|лето|Sommer|kesä|6
suvila|summer house|дача|Ferienhaus|kesämökki|6
sügis|autumn, fall|осень|Herbst|syksy|6
sünnipäev|birthday|день рождения|Geburtstag|syntymäpäivä|6
tahtma|to want|хотеть, желать|wollen|tahtoa, haluta|6
talv|winter|зима|Winter|talvi|6
tavaliselt|usually|обычно|normalerweise|tavallisesti|6
tervis|health|здоровье|Gesundheit|terveys|6
terviseks!|cheers!|на здоровье!|Prost! zum Wohl!|terveydeksi!|6
tore|wonderful, great|прекрасный, славный|wunderbar|komea, upea|6
tuba|room|комната|Zimmer|huone|6
tugev|strong|сильный|stark|voimakas, vahva|6
tuju|mood|настроение|Stimmung, Laune|mieliala, tuuli|6
tuletorn|lighthouse|маяк|Leuchtturm|majakka|6
tuul|wind|ветер|Wind|tuuli|6
ujuma|to swim|плавать|schwimmen|uida|6
vaheaeg|school holiday|школьные каникулы|Ferien|loma|6
vihm|rain|дождь|Regen|sade|6
vihmatrall|rain party|праздник дождя|Regenfeier|sateen juhla|6
vihmavari|umbrella|зонтик|Regenschirm|sateenvarjo|6
värviline|colorful|цветной|farbenfroh|värillinen|6
õun|apple|яблоко|Apfel|omena|6
õnn|happiness, luck|счастье|Glück, Freude|onni|6
abielu|marriage|брак|Ehe|avioliitto|7
abielluma|to get married|жениться|heiraten|mennä naimisiin|7
abikaasa|spouse|супруг, супруга|Ehepartner|aviopuoliso, puoliso|7
all|under|под|unter|alla|7
ees|in front of|впереди|vor|edellä, edessä|7
elukaaslane|partner|спутник жизни|Lebensgefährte, Lebensgefährtin|elämänkumppani|7hakkama|to begin, to start doing|начинать|anfangen|ryhtyä, ruveta|7
heidavad magama|they go to sleep|ложатся спать|sie gehen schlafen|menevät nukkumaan|7
hiir|mouse|мышь|Maus|hiiri|7
imelik|strange|странный|seltsam|ihmeellinen|7
juurde|to|к|zu|luokse|7
juust|cheese|сыр|Käse|juusto|7
kasvama|to grow|расти|wachsen|kasvaa|7
kingitus|gift, present|подарок|Geschenk|lahja|7
kinkima|to make a gift|подарить|schenken|antaa lahja|7
kirss|cherry|вишня|Kirsche|kirsikka|7
korras|in order|в порядке|in Ordnung|kunnossa|7
köök|kitchen|кухня|Küche|keittiö|7
lahutatud|divorced|разведен|geschieden|eronnut|7
lapselaps|grandchild|внук, внучка|Enkelkind|lapsenlapsi|7
lasteaed|preschool|детский сад|Kindergarten|lastentarha|7
laul|song|песня|Lied|laulu|7
läbi|through|после, сквозь, через|durch, über, nach|läpi, lävitse|7
magama|to sleep|спать|schlafen|nukkua|7
mesi|honey|мёд|Honig|hunaja|7
mesilane|bee|пчела, пчёлка|Biene|mehiläinen|7
mesipuu|beehive|улей|Bienenstock|mehiläispönttö|7
naer|laughter|смех, хохот|Gelächter|nauru|7
noor|young|молодой, юный|jung|nuori|7
närima|to gnaw|грызть, обгрызать,|nagen, kauen|nakertaa|7
onu|uncle|дядя|Onkel|setä|7
pidama|to have to, must|должен, быть обязанным|müssen|pitää|7
pidu|party|праздник|Fest|juhla, juhlat|7
pirn|pear|груша|Birne|päärynä|7
pulm|wedding|свадьба|Hochzeit|häät|7
pärast|after|потом, через, спустя|nach, danach|jälkeen|7
pärima|to ask a question|спрашивать|fragen|kysyä|7
saama|to be able to|получать, приобретать|können, erreichen, bekommen|voida, pystyä, saada|7
sugulane|relative|родственник, родственница|Verwandte, Verwandter|sukulainen|7
surema|to die|умереть, скончаться|sterben|kuolla|7
surnud|dead|умер|tot|kuollut|7
taga|behind|позади|hinter|takana|7
tädi|aunt|тётя|Tante|täti|7
tähendama|to mean|означать|bedeuten|tarkoittaa|7
vallaline|single|неженатый, холостой|ledig|naimaton, sinkku|7
vanus|age|возраст|Alter|ikä|7
õnneks|fortunately|к счастью|glücklicherweise|onneksi|7
õu|yard|двор|Hof|piha|7
äi|father-in-law|свёкор, тесть|Schwiegervater|appi|7
ämm|mother-in-law|свекровь, тёща|Schwiegermutter|anoppi|7
öö läbi|all night long|всю ночь|die ganze Nacht|koko yön|7
aitama|to help|помогать|helfen|auttaa|8
arvuti|computer|компьютер|Computer|tietokone|8
asi|thing|вещ, дело|Sache|asia|8
eksam|exam|экзамен|Prüfung, Klausur|tutkinto, tentti, koe|8
enne|before|до|vor, bevor|ennen|8
film|movie|фильм|Film|elokuva|8
huvi|interest|интерес|Interesse|kiinnostus|8
jalgpall|football|футбол|Fußball|jalkapallo|8
jõusaal|fitness club, gym|тренажёрный зал|Fitnessstudio|kuntosali|8
kala|fish|рыба|Fisch|kala|8
kindlasti|for sure|обязательно|sicher, bestimmt|varmasti|8
kino|cinema|кинотеатр, кино|Kino|elokuvateatteri|8
kirik|church|церковь|Kirche|kirkko|8
kogu|all|весь, целый|alle, ganz|koko, kokonainen|8
kohtuma|to meet|встречаться|sich treffen, treffen|tavata|8
kontsert|концерт|Konzert|konsertti|8
koor|choir|хор|Chor|kuoro|8
koristama|to clean|убирать|putzen, aufräumen|siivota|8
korvpall|basketball|баскетбол|Basketball|koripallo|8
kuulama|to listen|слушать|zuhören, anhören|kuunnella|8
kuulma|to hear|слышать|hören|kuulla|8
kuupäev|date|дата, число|Datum|päivämäärä|8
lihtne|simple|простой|einfach|helppo|8
liiga|too, too much|слишком|zu, zu viel|liian|8
lõuna|lunch; south|обед; юг|Mittagessen; Süden|päivällinen; etelä|8
midagi|something|что-нибудь|etwas|jotakin|8
mitu korda?|how many times?|сколько раз?|wieviel Mal?|kuinka monta kertaa?|8
muusika|music|музыка|Musik|musiikki|8
mõnikord|sometimes|иногда|manchmal|joskus|8
mängima|to play|играть|spielen|pelata|8
nägema|to see|видеть, смотреть|sehen|nähdä|8
ootama|to wait|подождать|warten|odottaa|8
parem|rather|лучше|eher, besser|parempi, mieluummin|8
puhkepäev|day off|выходной день|Ruhetag|lepopäivä|8
saal|hall|зал|Saal|sali|8
seepärast|therefore|потому что|deshalb|sen takia, siksi|8
sportlik|athletic|спортивный|sportlich|urheilullinen|8
suusatama|to ski|кататься на лыжах|Skifahren|hiihtää|8
sõbranna|female friend|подруга|Freundin|ystävätär|8
teater|theater|театр|Theater|teatteri|8
tegevus|activity|деятельность|Beschäftigung|toiminta|8
tennis|tennis|теннис|Tennis|tennis|8
terve päev|the whole day|целый день|den ganzen Tag|koko päivä|8
trenn|training|тренировка|Training|harjoitus, treeni|8
uisutama|to skate|кататься на коньках|Schlittschuhlaufen|luistaa|8
vaba|free|свободный|frei|vabaa|8
võrkpall|volleyball|волейбол|Volleyball|lentopallo|8
üldiselt|generally|в общем|normalerweise|yleisesti|8
ajaleht|newspaper|газета|Zeitung|sanomalehti|9
andma|to give|давать, вручать|geben|antaa|9
apelsin|orange|апельсин|Orange|appelsiini|9
banaan|banana|банан|Banane|banaani|9
dušš|shower|душ|Dusche|suihku|9
eelmine|previous, last|предыдущий, прошлый|vorherig|edellinen|9
esik|entrance hall|прихожая|Diele|eteinen|9
hambaid pesema|to brush one’s teeth|чистить зубы|Zähne putzen|pestä hampaitaan|9
hammas|tooth|зуб|Zahn|hammas|9
helisema|to ring|звенеть|klingeln|soittaa|9
hommikusöök|завтрак|Frühstück|aamiainen|9
hommikust sööma|to have breakfast|завтракать|frühstücken|syödä aamiaista|9
ilma|without|без|ohne|ilman, vailla|9
jogurt|yogurt|йогурт|Joghurt|jugurtti|9
jooma|to drink|пить|trinken|juoda|9
kahvel|fork|вилка|Gabel|haarukka|9
kauss|bowl|чаша, чашка, миска|Schüssel|kulho|9
klaas|glass|стакан|Glas|lasi|9
keskkool|high school|средняя школа|Oberstufe|oppikoulu|9
king|shoe|ботинок|Schuh|kenkä|9
kinni|closed|закрыт|geschlossen|suljettu|9kohv|coffee|кофе|Kaffee|kahvi|9
kohvik|café|кафе|Café|kahvila|9
kohvimasin|coffee maker|кофеварка|Kaffeemaschine|kahvinkeitin|9
konverents|conference|конференция|Konferenz|kongressi|9
kook|cake|пирожное|Kuchen|leivos, torttu|9
kruus|mug|кружка|Becher|muki|9
kuni|till|до|bis|saakka, asti|9
kähku|quickly|быстро|schnell, rasch|nopeasti|9
lahti|open|открыт|geöffnet|auki|9
leib|bread, dark bread|хлеб|Brot, dunkles Brot|leipä|9
lina|sheet, linen|простыня, лён|Laken, Lein|liina, lakana, pellava|9
lusikas|spoon|ложка|Löffel|lusikka|9
mahl|juice|сок|Saft|mehu, tuoremehu|9
mantel|jacket, coat|пальто|Mantel|takki, päällystakki|9
minevik|the past, past tense|прошлое, прошедшее время|Vergangenheit, Imperfekt|menneisyys, imperfekti|9
mitte kunagi|not ever|никогда|niemals|ei koskaan, ei ikinä|9
moos|jam|варенье|Marmelade|hillo|9
möödunud|last|прошедший, прошлый|vergangen|viime|9
nuga|knife|нож|Messer|veitsi|9
omlett|omelet|омлет|Omelette|munakas|9
paar|pair|пара|Paar|pari|9
panema|to put|класть, положить|stellen, legen, setzen|laitaa, panna|9
pann|pan|сковорода|Pfanne|pannu|9
pesema|to wash|мыть|waschen|pestä|9
pirukas|пирог|Pirogge|piirakka|9
pott|pot|кастрюля|Topf|kattila|9
puder|porridge|каша|Brei|puuro|9
päikesekiir|sun ray|луч солнца|Sonnenstrahl|auringonsäde|9
sai|white bread|булка|Weißbrot|leipä, vehnäleipä|9
salat|salad, lettuce|салат|Salat|salaatti|9
sageli|often|часто|oft|useasti, usein|9
selg|back|спина|Rücken|selkä|9
sink|ham|ветчина|Schinken|kinkku|9
sobima|to fit|подходить, годиться|passen, stimmen|sopia|9
suhkur|sugar|сахар|Zucker|sokeri|9
söök|meal|еда, пища|Mahl, Essen|ateria|9
sööma|to eat|есть, кушать|essen|syödä|9
taldrik|plate|тарелка|Teller|lautanen|9
tass|cup|чашка|Tasse|kuppi|9
tee|tea|чай|Tee|tee|9
tee|road, path|дорога|Straße|tie|9
tekk|blanket|одеяло|Decke|peitto|9
tihti|often|часто|oft|useasti, usein|9
unine|sleepy|сонный|müde|uninen, unelias|9
uudis|piece of news|новость|Neuigkeit|uutinen|9
valmis|ready|готовый|bereit|valmis|9
vannituba|bathroom|ванная|Badezimmer|kylpyhuone|9
veekann|kettle|чайник|Kanne|vesikannu|9
veekeetja|kettle, water boiler|чайник|Wasserkocher|vedenkeitin|9
vesi|water|вода|Wasser|vesi|9
vorst|sausage|колбаса|Wurst|makkara|9
või|butter|масло|Butter|voi|9
võileib|open sandwich|бутерброд|(belegtes) Butterbrot, Butterbrot|voileipä|9
võima|to be able to, to be allowed|мочь|dürfen, können, erlaubt sein|voida, kyetä|9
võtma|to take|брать, взять|nehmen|ottaa|9
äratuskell|alarm clock|будильник|Wecker|herätyskello|9
ajakirjanik|journalist|журналист|Journalist|lehtimies, toimittaja|10alustama|to start|начинать|anfangen|aloittaa, alkaa, ryhtyä|10
amet|profession, position|профессия|Beruf|ammatti, toimi|10
ankeet|form|анкета|Formular|lomake, kyselylomake|10
arst|doctor|врач, доктор|Arzt|lääkäri|10
automehaanik|car mechanic|автомеханик|Automechaniker|automekaanikko|10
bussijuht|bus driver|водитель автобуса|Busfahrer|bussikuljettaja|10
doktoriõpe|PhD studies|докторантура|Doktorat|lääkäriopiskelija|10
ehitama|to build|строить|bauen|rakentaa|10
ehitus|construction site|строительство|Gebäude|rakennus|10
ehk|or|или|oder|ehkä, voi|10
elukutse|profession|профессия|Beruf|ammatti|10
eriala|specialty, field|специальность|Fachrichtung|erikoisala|10
ettekandja|waitress|официантка|Kellnerin|tarjoilija|10
firma|company|фирма|Firma|firma|10
gümnaasium|highschool|гимназия|Gymnasium|lukio|10
haigla|hospital|больница|Krankenhaus|sairaala|10
hambaarst|dentist|зубной врач|Zahnarzt|hammaslääkäri|10
haridus|education|образование|Ausbildung, Bildung|koulutus, sivistys|10
hotell|hotel|отель|Hotel|hotelli|10
infotehnoloog|IT specialist|IT-специалист|Informatiker|informaatioteknologi|10
intervjuu|interview|интервью|Interview|haastattelu|10
iseseisvus|independence|независимость|Unabhängigkeit|itsenäisyys|10
juuksur|hairdresser|парикмахер|Frisör|kampaaja, parturi|10
kauplus|store, shop|магазин|Laden, Geschäft|kauppa|10
kelner|waiter|официант|Kellner|tarjoilija|10
keskharidus|secondary education|среднее образование|Abitur|oppikoulusivistys|10
keskus|center|центр|Zentrum|keskus|10
kodakondsus|citizenship|гражданство|Staatsbürgerschaft|kanslaisuus|10
kokk|cook, chef|повар|Koch|kokki|10
koristaja|cleaner|уборщик, уборщица|Putzfrau, Putzmann|siivooja|10
kordama|repeat, review|повторять|wiederholen|kerrata|10
kuulutus|advertisement|объявление|Werbung, Ankündigung|mainos|10
kuurort|resort|курорт|Kurort|kylpylä, spa|10
kutsekool|vocational school|проф. техн. училище|Berufsschule|ammatikoulu|10
kõne|call, speech|разговор, речь|Gespräch, Rede|puhe|10
kõrgharidus|higher education|высшее образование|Hochschulausbildung|akateeminen sivistys|10
lapsehoidja|babysitter|няня|Babysitter|lastenhoitaja|10
leidma|to find|найти|finden|löytää|10
lõpetama|to end|заканчивать|beenden, abschließen|lopettaa|10
magistriõpe|MA studies|магистратура|Magisterstudium|maisterinkoulutus|10
majakas|light house|маяк|Leuchtturm|majakka|10
medõde|nurse|медсестра|Krankenschwester|sairaanhoitaja|10
mitmes?|which one (number)? which one?|который по счёту?|wievielte? der/die/das wievielte?|kuinka mones?|10
müüja|salesperson|продавец, продавщица|Verkäufer, Verkäuferin|myyjä|10
müüma|to sell|продавать|verkaufen|myydä|10
nali|joke|шутка|Witz|vitsi|10
nõnda|so|так|so, also|niin, näin, noin, siten|10
ostma|to buy|купить, покупать|kaufen|ostaa|10
otsima|to look for|искать|suchen|hakea|10
pakkuma|to offer, to provide|предлагать|anbieten|tarjota|10
palk|salary|заработная плата|Gehalt|palkka|10
papagoi|parrot|попугай|Papagei|papukaija|10
politsei|police|полиция|Polizei|poliisi|10
politseinik|policeman|полицейский|Polizist|poliisimies|10
pood|store, shop|магазин|Geschäft, Laden|puoti|10
pommitama|to bomb|бомбить|bombardieren|pommittaa|10
postiljon|mailman|почтальон|Briefträger, Briefträgerin|postilijooni|10põllumees|farmer|земледелец|Landwirt|maanviljelijä|10
raamatupidaja|accountant|бухгалтер|Buchhalter, Buchhalterin|kirjanpitäjä|10
rahvusvaheline|international|международный|international|kansainvälinen|10
restoran|restaurant|ресторан|Restaurant|ravintola|10
sekretär|secretary|секретарь|Sekretär, Sekretärin|sihteeri|10
suurepärane|wonderful, great|великолепный|wunderbar|erinomainen|10
tähtpäev|holiday|знаменaтельная дата|Feiertag|merkkipäivä|10
turvamees|security guard|охранник|Wachmann|turvamies|10
tõlk|interpreter|переводчик, переводчица|Dolmetscher, Dolmetscherin|tulkki, kielenkääntäjä|10
töökuulutus|work advertisement|объявление о работе|Stellenangebot|työpaikkailmoitus|10
vajama|to need|нуждаться|brauchen|tarvita|10
vaja olema|to need|быть нужным, понадобиться brauchen|tarvita|10
varem|earlier|раньше|früher|aikaisemmin, ennen|10
võidupüha|Victory Day|День победы|Siegesfeiertag|voitonpäivä|10
välismaa|foreign country|заграница|Ausland|ulkomaa|10
õnnelik|happy|счастливый|glücklich|onnellinen|10
ärimees|businessman|бизнесмен|Geschäftsmann|liikemies|10
ülestõusmispüha|Easter|Пасха|Ostern|pääsiäinen|10
allahindlus|discount, sale|скидка, распродажа|Preisnachlass|alennusmyynti, ale|11
ananass|pineapple|ананас|Ananas|ananas|11
apelsin|orange|апельсин|Orange|appelsiini|11
arbuus|watermelon|арбуз|Wassermelone|vesimeloni|11
gramm|gram|грамм|Gramm|gramma|11
hapu|sour|кислый|sauer|hapan|11
hernes|pea|горох|Erbse|herne|11
hind|price|цена|Preis|hinta|11
iialgi|never|никогда|niemals|ikinä|11
inetu|ugly|некрасивый|hässlich|ruma|11
isegi|even|даже|sogar, selbst|jopa, vieläpä|11
just|just|как раз, только что|gerade, eben, genau|aivan, ihan, juuri|11
juurvili|vegetable, root vegetable|овощ|Gemüse, Wurzelgemüse|juurekset|11
juust|cheese|сыр|Käse|juusto|11
jäätis|ice cream|мороженое|Eis|jäätelö|11
kaalikas|turnip|брюква|Steckrübe|lanttu|11
kaaluma|to weigh|взвешивать|wiegen|painaa|11
kaasa võtma|to take with|брать с собой|mitnehmen|ottaa mukaan|11
kaer|oats|овес|Hafer|kaura|11
kahju|unfortunate|жаль|schade|haitta, tappio|11
kallis|expensive|дорогой|teuer|kallis|11
kana|chicken|курица|Hähnchen|kana|11
kapsas|cabbage|капуста|Kohl|kaali|11
karp|box|коробка|Schale|rasia, lipas|11
kartul|potato|картофель|Kartoffel|peruna|11
kast|box, crate|ящик|Kiste, Kasten|laatikko|11
kasu|benefit, profit|польза|Vorteil; Nutzen|hyöty|11
kasulik|useful|полезный|nützlich|hyödyllinen|11
kaup|purchase, goods|товар|Ware|tavara, kauppa|11
keefir|kefir|кефир|Kefir|kefiiri|11
keskmine|middle|средний|mittlerer, mittlere, mittleres|keski, keskimmäinen|11
ketšup|ketchup|кетчуп|Ketchup|ketsuppi|11
kilekott|plastic bag|пластикатовый пакет|Plastiktasche|muovipussi|11
kilo|kilogram|килограмм|Kilo|kilo|11
kirja panema|write down|записывать|aufschreiben|kirjoittaa muistiin|11
kodujuust|cottage cheese|домашний творог|Hüttenkäse|kotijuusto|11
kohupiim|curds|творог|Quark|maitorahka, rahka|11
kole|ugly|страшный, ужасный|hässlich|kauhea, kamala|11kokku|total|всего|zusammen|yhteen, kokoon|11
komm|candy|конфета|Bonbon|karkki|11
koor|cream, coffee cream|сливки|Sahne|kerma, kahvikerma|11
kuri|angry|злой|böse|ilkeä|11
kurk|cucumber|огурец|Gurke|kurkku|11
kõigepealt|first of all|сначала|erstens, zuallererst|ennen kaikkea|11
köögivili|vegetable|овощ|Gemüse|kasvikset|11
küpsis|cookie|печенье|Keks|keksi|11
küüslauk|garlic|чеснок|Knoblauch|valkosipuli|11
lillkapsas|цветная капуста|Blumenkohl|kukkakaali|11
liha|meat|мясо|Fleisch|liha|11
loodus|nature|природа|Natur|luonto|11
lubama|to allow|разрешать|erlauben; versprechen|luvata|11
maasikas|strawberry|клубника|Erdbeere|mansikka|11
maasikaid|11
magus|sweet|сладкий|süß|makea|11
mahtuma|to fit|вмещаться|passen|mahtua|11
maitsev|delicious, tasty|вкусный|lecker, schmackhaft|maukas|11
makaron|noodles|макароны|Nudeln|makaroni|11
mandariin|mandarin|мандарин|Mandarine|mandariini|11
mõned|some|некоторые|einige|muutamat|11
mõtlema|to think|думать|denken|ajatella|11
müük|sale|продажа|Verkauf|myynti|11
nimekiri|list|список|Liste|luettelo, lista|11
odav|cheap|дешёвый|billig|halpa|11
ost|purchase|покупка|Einkauf|osto, ostos|11
otsas olema|finished|закончилось|aus sein, leer sein|loppua|11
pakend|package|пакет, упаковка|Verpackung|pakkaus|11
pakk|package|пачка, пакет|Paket|paketti|11
peet|beet root|свёкла|Rote Beete|punajuuri|11
pipar|pepper|перец|Pfeffer|pippuri|11
porgand|carrot|морковка|Karotte|porkkana|11
proovima|to try|пробовать|probieren|kokeilla|11
pudel|bottle|бутылка|Flasche|pullo|11
puhas|clean|чистый|sauber|puhdas|11
purk|jar|банка|Glas|purkki, tölkki|11
puuvili|fruit|фрукт|Obst|hedelmä|11
pähkel|nut|орех|Nuss|pähkinä|11
päästma|to save|спасать|retten|pelastaa|11
rohkem|more|больше|mehr|enemmän|11
sepik|whole wheat bread|пшеничный хлеб|Vollkornmischbrot|hiivaleipä|11
sibul|onion|лук|Zwiebel|sipuli|11
sidrun|lemon|лимон|Zitrone|sitruuna|11
seen|mushroom|гриб|Pilz|sieni|11
silt|label, tag, sign|табличка, этикетка|Schild|taulu, kyltti|11
soodus|discount|льготный|günstig|tarjous|11
sool|salt|соль|Salz|suola|11
säästma|to save|экономить|sparen|säästää|11
šokolaad|chocolate|шоколад|Schokolade|suklaa|11
tasu|reward, fee, charge|плата, оплата|Belohnung, Gebühr|maksu, palkkio|11
tervislik|healthy|здоровый|gesund|terveellinen|11
toit|food|пища, еда|Essen|ruoka|11
toitumine|nutrition|питание|Ernährung|ravinto, ravitsemus|11
tomat|tomato|помидор, томат|Tomate|tomaatti|11
turg|market|рынок, базар|Markt|tori|11
tükk|piece|штука, кусок|Stück|pala|11
uba|bean|боб, фасоль|Bohne|papu|11
varsti|soon|скоро|bald|pian|11vastu|against|против|gegen|vastaan|11
veidi|a little|немного|wenig|vähän|11
viinamari|grape|виноград|Weintraube|viinirypäle, rypäle|11
viiner|frankfurter|сосиска|Wiener Würstchen|nakki|11
võrdlema|to compare|сравнивать|vergleichen|verrata|11
vähem|less|меньше|weniger|vähemmän|11
õli|oil|масло|Öl|öljy|11
äädikas|vinegar|уксус|Essig|etikka|11
üldse|at all|вообще|wirklich|yleensä|11
aine|ingredient|продукт|Zutat|aine|12
ammu|a long time ago|давно|vor langer Zeit|ammoin|12
arve|bill, check|счёт|Rechnung|lasku|12
avama|to open|открывать|öffnen|avata|12
baar|bar|бар|Bar, Kneipe|baari|12
edasi|forward|дальше|weiter|eteenpäin|12
forell|trout|форель|Forelle|purotaimen|12
hamburger|hamburger|гамбургер|Hamburger|hampurilainen|12
heeringas|herring|селёдка|Hering|silli|12
hääl|voice|голос|Stimme|ääni|12
ikka|still|по-прежнему|wirklich|aina|12
jutt|story|разговор, рассказ|Geschichte, Erzählung|puhe, keskustelu, juttu|12
kaneel|cinnamon|корица|Zimt|kaneli|12
kann|kettle, teapot|кувшин|Kanne|kannu, kaadin|12
kapp|cupboard, wardrobe|шкаф|Schrank|kaappi|12
kasutama|to use|использовать|benutzen|käyttää|12
keema|to boil|кипеть|kochen|keittää|12
kilu|sprat|килька|Sprotte, Breitling|anjovis, kilohaili|12
kinni panema|to close|закрыть|schließen|sulkea|12
kinni panema|to book|резервировать|reservieren|varata|12
kokk|cook, chef|повар|Koch|kokki|12
kokku saama|to meet|встречаться|sich treffen|kokoontua|12
kringel|sweet pretzel|крендель|süßes Gebäck|rinkeli|12
kutsuma|to invite|приглашать|einladen|kutsua|12
kuulus|Известный|berühmt|kuuluisa|12
kõik|all, everybody|все|alle|kaikki|12
kõik|all|всё|alles|kaikki|12
kõht|belly, stomach|живот|Bauch|vatsa|12
külaline|guest|гость|Gast|vieras|12
külastaja|guest, visitor|посетитель|Besucher|vieras|12
lahti tegema|to open|открывать|öffnen|avata|12
loomulikult|of course|естественно|natürlich|tietysti|12
lõhe|salmon|лосось|Lachs|lohi|12
mari|berry|ягода|Beere|marja|12
mustikas|blueberry|черника|Heidelbeere|mustikka|12
mõnus|pleasant, cosy|приятный|angenehm|mukava|12
näitama|to show|показывать|zeigen|näyttää|12
nälg|hunger|голод|Hunger|nälkä|12
praad|main course|жаркое|Hauptgericht|paisti|12
puhas|clean|чистый|sauber|puhdas|12
seekord|this time|на этот раз|diesmal|tällä kertaa|12
seltskond|company, party|компания|Gesellschaft|seura, seurue|12
sulgema|to close|закрывать|schließen|sulkea|12
taim|plant, herb|растение|Pflanze|kasvi|12
taimetoit|vegetarian food|вегетарианская пища|vegetarisches Essen|kasvisruoka|12
tasuta|free of charge|бесплатно|kostenlos|ilmaiseksi|12
tellima|to order|заказывать|bestellen|tilata|12
tikker|gooseberry|крыжовник|Stachelbeere|karviainen|12
tähistama|to celebrate|праздновать|feiern|viettää, merkitä|12
tähtis|important|важный|wichtig|tärkeä|12
täis|full|полный|voll|täysi|12
tühi|empty|пустой|leer|tyhjä|12
vaarikas|raspberry|малина|Himbeere|vadelma|12
vahukoor|whipped cream|взбитые сливки|Schlagsahne|kermavaahto|12
valama|to pour|наливать|einschütten|kaataa|12
valik|choice|выбор|Auswahl, Wahl|valinta|12
valima|to choose|выбирать, избирать|wählen|valita|12
vanill|vanilla|ваниль|Vanille|vanilja|12
vein|wine|вино|Wein|viini|12
värske|fresh|свежий|frisch|tuore|12
väsinud|tired|усталый|müde|väsynyt|12
õlu|beer|пиво|Bier|olut|12
üllatus|surprise|сюрприз|Überraschung|yllätys|12
ahi|oven, stove|печь|Ofen|uuni|13
elamu|dwelling house|жилой дом, жильё|Wohnhaus|asuintalo|13
eraldi|separate|отдельно|separat|erillinen|13
hoone|building|здание|Gebäude|rakennus|13
hoopis|completely|совсем, совершенно|beträchtlich, ganz|täysin|13
huvitama|to interest|интересовать|interessieren|kiinnostaa|13
igav|boring|скучный|langweilig|ikävä|13
järjekord|line, queue, order|очередь|Reihe, Schlange|jono, järjestys|13
kamin|fireplace|камин|Kamin|takka|13
kapp|cupboard, wardrobe|шкаф|Schrank|kaappi|13
katki|broken|сломанный|kaputt|rikki|13
katus|roof|крыша|Dach|katto|13
keetma|to cook, boil|варить, готовить|kochen|keittää|13
kelder|basement|подвал, погреб|Keller|kellari|13
kiitma|to praise|хвалить|loben|kehua|13
kinnisvara|real estate|недвижимость|Immobilien|kiinteistö|13
klaver|piano|рояль, пианино|Klavier|piano|13
kolima|to move|переезжать|umziehen|muuttaa|13
korralik|tidy, proper|аккуратный|ordentlich|asiallinen|13
korrus|floor, storey|этаж|Stockwerk|kerros|13
korsten|chimney|труба|Schornstein|savupiippu|13
kuningas|king|король|König|kuningas|13
kõrval|next to|рядом|daneben|vieressä|13
küte|heating|отопление|Heizung|lämmitys|13
kütma|to heat|топить|heizen|lämmittää|13
lagi|ceiling|потолок|Decke|katto|13
liiv|sand|песок|Sand|hiekka|13
läbi saama|to get on with|ладить|zurecht kommen|tulla toimeen|13
male|chess|шахматы|Schach|shakki|13
mugav|comfortable|удобный|bequem|mukava|13
muu|other, others|иное, прочее|sonstige, sonstiges|muu|13
mööbel|furniture|мебель|Möbel|huonekalu|13
naaber|сосед|Nachbar|naapuri|13
nõud|dishes|посуда|Geschirr|astia|13
ohtlik|dangerous|опасный|gefährlich|vaarallinen|13
oluline|important|важный|bedeutsam, wichtig|olennainen|13
omanik|owner|владелец|Eigentümer|omistaja|13
peaaegu|almost|почти|fast|lähes|13
parandama|to repair|ремонтировать|reparieren; ausbessern|korjata|13
pesu|laundry, underwear|белье|Wäsche|pyykki, alusvaatteet|13
pesumasin|washing machine|стиральная машина|Waschmaschine|pesukone|13
piir|boarder|граница|Grenze|raja|13
pliit|cooking range|плита|Herd|liesi|13pooleli|unfinished|наполовину|halbfertig|puolittain|13
puudus|disadvantage|недостаток|Nachteil|puute|13
põrand|floor|пол|Fußboden|lattia|13
rahulik|peaceful|спокойный|ruhig; friedlich|rauhallinen|13
rajoon|district, neighborhood|район|Bezirk|asuinalue, alue|13
remont|renovation|ремонт|Renovierung|remontti|13
rida|row|ряд|Reihe|rivi|13
rõdu|balcony|балкон|Balkon|parveke|13
saun|sauna|сауна|Sauna|sauna|13
sein|wall|стена|Wand|seinä|13
sisse kolima|to move in|въезжать|einziehen|muuttaa asuntoon, muuttaa|13
suits|smoke|дым|Rauch|savu|13
suitsetama|to smoke|курить|rauchen|tupakoida|13
tagasihoidlik|modest, shy|скромный|zurückhaltend|vaatimaton|13
talu|farm, farmstead|хутор|Bauernhof|maatila|13
teatama|to inform|сообщать|benachrichtigen|tiedottaa, ilmoittaa|13
tooma|to bring|приносить|bringen, holen|tuoda|13
trepikoda|stairwell|подъезд|Treppenhaus|porraskäytävä|13
trepp|staircase|лестница, крыльцо|Treppe|porras|13
vaade|view|вид|Aussicht, Ausblick|näköala, näkymä|13
vaikne|silent, quiet|тихий|ruhig; leise|hiljainen|13
valgus|light|свет|Licht|valo|13
valjusti|aloud|громко|laut|kuuluvasti|13
vihane|angry|злой|böse|vihainen|13
viima|to take somewhere|нести, вести|bringen, holen|viedä|13
viisakalt|politely|вежливо|höflich|kohteliaasti|13
voodi|bed|кровать, постель|Bett|sänky|13
välisuks|front door|парадная дверь|Haustür|väliovi|13
värvima|to paint|красить|färben|maalata|13
ühendus|connection|соединение, связь|Verbindung|yhteys|13
üürima|to rent|снимать в аренду|mieten|vuokrata|13
üürnik|tenant|квартиросъемщик|Mieter|vuokralainen|13
akulaadija|charger|зарядное устройство|Ladegerät|laturi|14
alumine|lower|нижний|niedriger|alempi|14
erinev|different|различный|verschieden|erilainen|14
hambahari|зубная щетка|Zahnbürste|hammasharja|14
hoidma|to keep|хранить|halten|pitää|14
hüüdma|to call, to shout|звать|schreien|huutaa|14
joonistama|to draw|рисовать|zeichnen|piirtää|14
ju|really|так как|doch, nun wirklich|-han, -hän|14
juhtuma|to happen|случаться|passieren|tapahtua|14
juttu ajama|to talk|беседовать|sich unterhalten|keskustella|14
jutustama|to tell|рассказывать|erzählen|tarinoida|14
jõudma|to arrive, to manage|добраться, смочь|etwas schaffen, ankommen ehtiä|14
kaduma|to get lost|теряться, исчезать|verloren gehen|kadota|14
kardin|curtain|гардина, занавеска|Gardine|verho|14
keegi|somebody|кто-то, кто-нибудь|jemand|joku|14
kraanikauss|sink, wash basin|раковина|Waschbecken, Spüle|pesuallas|14
kära|noise, clamor|шум|Lärm, Aufruhr|melu|14
käsklause|imperative sentence|повелительное предложение Imperative|komento lause|14
käärid|scissors|ножницы|Schere|sakset|14
külmik|refrigerator|холодильник|Kühlschrank|jääkaappi|14
küünal|candle|свеча|Kerze|kynttilä|14
laisk|lazy|ленивый|faul|laiska|14
lugu|story|рассказ|Geschichte|juttu|14
maal|painting|картина, живопись|Gemälde|maalaus|14
mitmesugune|various|различный|verschiedenartig|monenlainen|14mõni|some|некоторый|manche|muutama|14
mäletama|to remember|помнить|erinnern|muistaa|14
nukk|doll|кукла|Puppe|nukke|14
nurk|corner|угол|Ecke|nurkka|14
ometi|yet|все-таки|bloß, doch, trotzdem|kuitenkin|14
padi|pillow, cushion|подушка|Kissen|tyyny|14
parajasti|at the moment|в этот момент|eben, gerade|parastaikaa|14
peegel|зеркало|Spiegel|peili|14
pikendusjuhe|extension cord|удлинитель|Verlängerungskabel|jatkojohto|14
prügi|trash|мусор|Müll, Abfall|jäte|14
põõsas|bush, shrub|куст|Strauch|pensas|14
riiul|shelf|полка|Regal|hylly|14
ring|circle|круг|Kreis|ympyrä|14
ruum|room, space|помещение, место|Raum, Platz|tila|14
sahtel|drawer|ящик стола|Schublade|laatikko|14
seep|soap|мыло|Seife|saippua|14
segi|messy|в беспорядке|durcheinander|sekaisin|14
sorteerima|to sort|сортировать|sortieren|lajitella|14
suurepärane|excellent, wonderful|великолепный|großartig, wunderbar|erinomainen|14
suss|slipper|тапок, тапочка|Pantoffel, Hausschuh|tossu|14
taburet|stool|табуретка|Hocker|jakkara|14
taskulamp|flashlight|фонарик|Taschenlampe|taskulamppu|14
tikk|match|спичка|Streichholz|tikku|14
tolmuimeja|vacuum cleaner|пылесос|Staubsauger|pölynimuri|14
triikraud|iron|утюг|Bügeleisen|silitysrauta|14
tugitool|armchair|кресло|Sessel|nojatuoli|14
tuli|light, fire|свет, огонь|Licht, Feuer|tuli|14
töökoda|workshop|мастерская|Werkstatt|työhuone|14
unustama|to forget|забывать|vergessen|unohtaa|14
vaip|rug, carpet|ковёр|Teppich|matto|14
võti|key|ключ|Schlüssel|avain|14
ülemine|upper|верхний|obere, oberer, oberes|ylempi|14
ümmargune|round|круглый|rund|pyöreä|14
alates|since|начиная с|seit|alkaen|15
armas|dear; lovely|милый|lieb, teuer|rakas|15
asemel|instead of|взамен|statt, anstelle|sijasta|15
edasi astuma|to step in, to step forward|проходить вперед|eintreten|astua eteenpäin|15
hakkliha|minced meat|фарш|Hackfleisch|jauheliha|15
isu|appetite|аппетит|Appetit|ruokahalu|15
jahu|flour|мука|Mehl|jauho|15
juubel|jubilee|юбилей|Jubiläum|juhla|15
kaste|dressing, sauce|соус|Sauce, Dressing|kaste|15
kasvatama|to grow sth|воспитывать|erziehen, züchten|kasvattaa|15
kaunis|beautiful, pretty|прекрасный|schön, hübsch|kaunis|15
keegi|somebody|кто-то|jemand|joku|15
keel|tongue, language|язык|Sprache, Zunge|kieli|15
kunst|art|искусство|Kunst|taide|15
kutse|invitation|приглашение|Einladung|kutsu|15
kuum|hot|горячий|heiß|kuuma|15
kõrvits|pumpkin|тыквы|Kürbis|kurpitsa|15
külastama|to visit|навещать|besuchen|vierailla|15
küpsetama|to bake|печь|backen|leipoa|15
lisama|to add|добавлять|hinzufügen|lisätä|15
lootma|to hope|надеяться, ожидать|hoffen|luottaa, toivoa|15
lõikama|to cut|резать|schneiden|leikata|15
maitsema|to taste|нравиться|schmecken|maistaa|15
maks|liver|печень|Leber, Steuer|maksa|15manna|semolina|манная крупа|Grieß|mannasuurimo|15
morss|juice with water|морс|süße Saftschorle|mehujuoma|15
muld|soil, dirt|земля, почва|Boden, Erde|multa|15
mõte|idea, thought|мысль, смысл|Gedanke, Idee|ajatus|15
nõus olema|to agree|соглашаться|einverstanden sein|olla samaa mieltä|15
näiteks|for example|например|zum Beispiel|esimerkiksi|15
pererahvas|hosts|хозяева|gastgebende Familie, Familie|talonväki, isäntäväki|15
pohl|lingonberry|брусника|Preiselbeere|puolukka|15
pulber|powder|порошок|Pulver|jauhe|15
retsept|recipe|рецепт|Rezept|resepti|15
rosolje|beet root salad|винегрет|rote Beete Salat|rosolli|15
räim|Baltic herring|сельдь|Ostseehering|silakka|15
sarnane|similar|похожий, подобный|ähnlich|samanlainen|15
seeme|seed|семя|Same, Samen|siemen|15
segama|to mix, to disturb|мешать, беспокоить|vermischen, mischen, stören|sekoittaa, häiritä|15
sisse tulema|to come in|входить|hereinkommen|tulla sisälle|15
soolane|salty|солёный|salzig|suolainen|15
süda|сердце|Herz|sydän|15
tangud|wheat grain|крупа|Schrot|suurimot, ryynit|15
tegelikult|in fact|на самом деле|eigentlich|oikeastaan|15
teravili|grain|зерно|Korn, Getreide|vilja, viljakasvi|15
vahetama|to change|менять|wechseln, auswechseln|vaihtaa|15
vahva|great, cool|замечательный|fein, toll|hauska, uljas|15
valama|to pour|наливать|einschütten|kaataa|15
vikerkaar|rainbow|радуга|Regenbogen|sateenkaari|15
ühepajatoit|hot pot, stew|овощное рагу|Eintopf|pataruoka|15
ühesugune|similar|одинаковый|gleich|samanlainen|15
ära võtma|to take off|забирать|wegnehmen|ottaa pois|15
jalakäija|pedestrian|пешеход|Fußgänger|jalankulkija|16
jama|nonsense|ерунда|Blödsinn|palturi, pöty|16
kalmistu|cemetery|кладбище|Friedhof|hautausmaa|16
keegi|somebody|кто-тo, кто-нибудь|jemand|joku|16
keelama|to prohibit|запрещать|verbieten|kieltää|16
keerama|to turn|поворачивать|umdrehen|kiertää, vääntää|16
kohale jõudma|to arrive|прибыть|ankommen|saapua|16
kõnnitee|sidewalk|тротуар|Bürgersteig|kävelytie|16
liiklus|traffic|движение|Verkehr|liikenne|16
maha jääma|to miss, to miss a bus|отстать,  отстать от автобуса|verpassen,  Bus verpassen|myöhästyä, myöhästyä bussista|16
maha minema|to get off|сходить|aussteigen|laskeutua, jäädä pois|16
märk|sign|знак|Zeichen, Signal|merkki|16
otse|directly|прямо|direkt|suoraan|16
parkima|to park|парковаться|parken|pysäköidä|16
parkla|parking lot|парковка|Parkplatz|pysäköintipaikka|16
peatuma|to stop|останавливаться|anhalten|pysähtyä|16
pöörama|to turn|поворачивать|abbiegen|kääntyä|16
ristmik|intersection|перекрёсток|Kreuzung|risteys|16
sild|bridge|мост|Brücke|silta|16
tankla|gas station|заправочная станция|Tankstelle|huoltoasema|16
tasuline|paid|платный|kostenpflichtig|maksullinen|16
tasuma|to pay|платить|bezahlen|maksaa|16
tohtima|to be allowed|разрешаться, можно|dürfen|saada, uskaltaa|16
trahv|fine|штраф|Strafe, Strafzahlung|sakko, rangaistus|16
tudeng|university student|студент|Student|opiskelija|16
tähele panema|to pay attention|обращать внимание|aufpassen|huomata|16
ummik|traffic jam|дорожная пробка|Stau|ruuhka|16
valgusfoor|traffic light|светофор|Ampel|liikennevalot|16
veoauto|truck|грузовой автомобиль|LKW|kuorma-auto|16
välja müüma|to sell out|распродавать|ausverkaufen|myydä loppuun|16
väljak|square|площадь|Platz|aukio|16
väljapääs|exit|выход|Ausgang|uloskäynti|16
väljuma|to exit|выходить|herausgehen|poistua|16
ühikas|dormitory|общежитие|Wohnheim|asuntola|16
ülekäigurada|crosswalk|пешеходный переход|Zebrastreifen|ylikulkutie|16
ümber|over|вокруг|um, herum|ympäri|16
alla kirjutama|to sign|подписывать|unterschreiben|allekirjoittaa|17
andmed|data|данные, сведения|Daten, Angaben|tiedot|17
arve|bill, check, account|счёт|Rechnung, Konto|lasku, tili|17
asju ajama|to run errands|вести дела|Geschäfte regeln|hoitaa asioita|17
föön|hair dryer|фен|Fön|hiustenkuivain, fööni|17
kamm|comb|расчёска, гребень|Kamm|kampa|17
kehtima|to be valid|быть действительным|gelten|päteä, olla voimassa|17
kiri|letter|письмо|Brief|kirje|17
klienditugi|customer service|служба поддержки клиентов|Kundenservice|asiakastuki|17
kohalik|local|местный|regional|paikallinen|17
konto|account|счёт|Konto|tili|17
kuivatama|to dry|вытирать|trocknen|kuivattaa, kuivata|17
kviitung|receipt|квитанция|Quittung|kuitti|17
kätte saama|to receive|получать|bekommen|saada|17
leping|contract|договор|Vertrag|sopimus|17
limiit|limit|ограничение, лимит|Grenze, Höchstmaß|limiitti, raja-arvo|17
lokkis|curly|вьющийся|lockig|kiharat|17
lõikus|cut|стрижка|Haarschnitt|leikkaus|17
meel|mood|чувство, настроение|Sinn, Stimmung|mieli|17
miski|something|что-то, что-нибудь|etwas|jotain|17
moodne|fashionable|модный|modisch|muodikas|17
muutma|to change|менять, изменять|verändern|muuttua|17
mööda|along|по|entlang|myötä|17
olenema|to depend|зависеть|abhängen sein von|riippua|17
poole|towards|к|in Richtung von|päin, kohti|17
riigilõiv|state document fee|госпошлина|Ausstellungsgebühr|valtionvero|17
salasõna|password|пароль|Passwort|salasana|17
samasugune|similar kind|такой же|gleichartig|samanlainen|17
sirge|straight|прямой|gerade, aufrecht|suora|17
sisestama|to insert|вводить|einfügen|syöttää|17
soeng|hairdo|причёска, стрижка|Frisur|kampaus|17
sõltuma|to depend|зависеть|abhängen von|riippua|17
taotlus|application|ходатайство, заявка|Antrag|hakemus|17
teenindama|to service|обслуживать|bedienen|palvella|17
teenustasu|service fee|стоимость услуги|Bearbeitungsgebühr|palvelumaksu|17
tähitud|registered mail|заказной|Einschreiben|kirjattu|17
täitma|to fill out, fill in|заполнять|füllen, ausfüllen|täyttää|17
udu|fog|туман|Nebel|sumu|17
võimalik|possible|возможно|möglich|17
välimus|appearance|внешность, вид|das Äußere|ulkonäkö|17
õhk|air|воздух|Luft|ilma|17
üle kandma|to transfer|переводить|überweisen|siirtää|17
ülekanne|bank transfer, transfer|банковский перевод, перевод|Überweisung|siirto|17
alla hindama|to discount|уценять|im Preis heruntersetzen|alentaa|18
eelistama|to prefer|предпочитать|bevorzugen|suosia|18
eksima|to make a mistake, to be wrong, to get lost|ошибаться, заблуждаться|irren, sich verirren|eksyä, erehtyä|18
hull|crazy|сумашедший|verrückt|hullu|18
hõbe|silver|серебро|Silber|hopea|18
jakk|jacket|кофта, жакет|Jacke|jakku, pusakka|18jalatsid|footwear|обувь|Schuhe|kenkä|18
jope|coat, windbreaker|куртка|Jacke, Anorak|takki|18
kaabu|man’s hat|шляпа, мужская шляпа, шляпа мужская|Hut|hattu|18
kampsun|sweater, cardigan|свитер|Pullover|neule, villatakki|18
kandma|to wear|носить|tragen|kantaa|18
kangas|fabric|ткань|Stoff|kangas|18
kaustik|notebook|толстая тетрадь|Notizblock|muistivihko, lehtiö|18
kestma|to last; continue|длиться|dauern|kestää|18
kilekaaned|plastic sleeve|пластиковая папка|Aktenhülle|muovikannet|18
king|shoe|ботинок|Schuh|kenkä|18
kinnas|glove, mitten|рукавица, варежка|Handschuh|käsine|18
kinnitama|to fasten|прикреплять, закреплять|befestigen, versichern|kiinnittää|18
kirjatarbed|stationary|канцелярские товары|Schreibwaren|kirjoitustarvikkeet|18
kirju|multicolored, spotted|пёстрый|bunt|kirjava|18
klammerdaja|stapler|степлер|Hefter, Tacker|nitoja|18
kleeps|sticker|скотч, клейкая лента|Sticker|tarra|18
kleit|dress|платье|Kleid|mekko, leninki|18
kustukumm|eraser|стирательная резинка|Radiergummi|pyyhekumi|18
liim|glue|клей|Kleber, Klebe|liima|18
lips|tie|галстук|Krawatte, Schlips|solmio|18
lülitama|to switch|включать|schalten|kytkeä|18
märkmik|notebook|блокнот|Notizbuch|muistivihko|18
nupp|button|кнопка|Knopf|nuppi|18
nööp|button|пуговица|Knopf|nappi|18
paras|fit, suitable|подходящий, впору|passend|sopiva|18
pintsak|jacket, men's jacket|пиджак|Jacke|takki, pikkutakki|18
puhastama|to clean|чистить|säubern|puhdistaa|18
püksid|pants|штаны, брюки|Hose|housut|18
ruuduline|checked, checkered|клетчатый, в клетку|kariert|ruudullinen|18
röster|toaster|тостер|Toaster|leivänpaahdin, paahdin|18
saabas|сапог|Stiefel|saapas|18
seelik|skirt|юбка|Rock|hame|18
sokk|sock|носок|Socke|sukka|18
suhteliselt|comparatively|относительно|verhältnismäßig|suhteellisesti|18
teksad|jeans|джинсы|Jeans|farkut|18
triibuline|striped|полосатый, в полоску|gestreift|raidallinen|18
täpiline|dotted|пятнистый|gepunktet|pilkullinen|18
vajutama|to press|давить|drücken|painaa|18
õhuke|thin|тонкий|dünn|ohut|18
ülikond|suit, men's suit|костюм, костюм мужской, мужской костюм|Anzug|puku|18
|18
arvatavasti|probably|возможно|wahrscheinlich|luultavasti|19|19
ausalt|honestly|честно|ehrlicherweise|rehellisesti|19
ettevaatus|caution|осторожность|Vorsicht|varovaisuus|19
gripp|flu|грипп|Grippe|flunssa|19
haigus|illness, disease|болезнь|Krankheit|sairaus|19
haigeks jääma|to get sick|заболеть|krank werden|sairastua|19
hingama|to breathe|дышать|atmen|hengittää|19
hirmsasti|very much|ужасно, страшно|schrecklich|kamalasti|19
hüppama|to jump|прыгать|hüpfen, springen|hypätä|19
isik|person|персона, личность|Person|henkilö|19
jooksul|during|в течение|im Laufe, während|aikana|19
jää|ice|лёд|Eis|jää|19
jääauk|hole in the ice|прорубь|Eisloch|avanto|19
kadakas|juniper|можжевельник|Wacholder|kataja|19
kaebama|to complain|жаловаться|sich beklagen|valittaa|19
kartma|to be afraid|бояться|fürchten|pelätä|19
kask|birch|берёза|Birke|koivu|19keha|body|тело|Körper|keho|19
kehvasti|badly|плохо|schlecht, erbärmlich|kehnosti|19
kops|lung|лёгкое|Lunge|keuhko|19
kopsupõletik|pneumonia|пневмония|Lungenentzündung|keuhkokuume|19
kraadima|to measure temperature|измерять температуру|Fieber messen|mitata kuume|19
kummel|chamomile|ромашка|Kamille|kamomilla|19
kurk|throat|горло|Hals|kurkku|19
kõht|stomach, belly|живот|Bauch|vatsa|19
kõrge|high|высокий|hoch|korkea|19
köha|cough|кашель|Husten|yskä|19
külg|side|сторона, бок|Seite|kylki, sivu|19
lutikas|bedbug|клоп|Wanze|lutikka|19
lõhn|smell|запах|Geruch|tuoksu|19
meelega|on purpose|намеренно|absichtlich|tahallaan|19
mõõtma|to measure|измерять, мерить|messen|mitata|19
märg|wet|мокрый|nass|märkä|19
niit|thread|нить, нитка|Zwirn, Faden|lanka|19
nohu|stuffy nose, runny nose|насморк|Schnupfen|nuha|19
nutikas|smart, wise|находчивый|schlau|älykäs, nokkela|19
paha|bad|плохой, неприятный|schlecht, schlimm|paha, kehno|19
palavik|temperature, fever|температура|Fieber|kuume|19
patsient|пациент|Patient|potilas|19
pehme|soft|мягкий|weich|pehmeä|19
pisik|virus, bacteria|микроб|Bazillus|mikrobi|19
pits|shot glass|рюмка|Schnapsglas|ryyppylasi, pikari|19
plaaster|band aid, plaster|пластырь|Pflaster|laastari|19
plomm|filling, tooth filling|пломба|Plombe|paikka, hammaspaikka|19
pääsema|to get in, to get away|попадать|reinkommen, entkommen|päästä, pelastua|19
püsti|standing|стоя|aufrecht, stehend|pystyyn, pystyssä|19
ravim|medicine|лекарство|Arznei, Medizin|lääke|19
ravima|to treat|лечить|behandeln, heilen|lääkitä|19
retsept|prescription, recipe|рецепт|Rezept|resepti|19
rikkus|wealth, riches|богатство|Reichtum|rikkaus|19
ringi käima (pea)|to be dizzy|кружиться (голова), кружиться|schwindlig sein|huimata|19
rohi|medicine|лекарство|Arznei, Heilmittel|lääke|19
salv|ointment, salve|мазь|Salbe|voide|19
side|bandage|бинт, повязка|Verband, Binde|side|19
siiski|still|всё-таки|jedoch, immerhin|sittenkin, kuitenkin|19
soovitama|to recommend|рекомендовать|empfehlen|suositella|19
süda on paha|nausea|тошнит|übel sein|voida pahoin|19
süst|injection|укол|Spritze|ruiske, pistos|19
süstal|syringe|шприц|Spritze|ruisku, lääkeruisku|19
tablett|pill, tablet|таблетка|Tablette|tabletti|19
terve|healthy|здоровый|gesund, heil|terve, koko|19
tundma|to feel, know|знать, чувствовать|kennen, fühlen|tuntea|19
tõmbama|to pull|тянуть|ziehen|vetää|19
vaene|poor|бедный|arm|köyhä|19
valutama|to ache|болеть|schmerzen|särkeä|19
valuvaigisti|painkiller|болеутоляющее средство|Schmerzmittel|särkylääke|19
valvearst|doctor on duty|дежурный врач|Arzt im Notdienst|päivystävä lääkäri|19
vastu pidama|to bear|выдержать|durchhalten|kestää|19
vastuvõtt|reception|приём|Empfang|vastaanotto|19
vereproov|blood test|анализ крови|Blutprobe|verikoe|19
vererõhk|blood pressure|кровяное давление|Blutdruck|verenpaine|19
veri|blood|кровь|Blut|veri|19
viht|whisk|веник|Birkenzweig|vihta, vasta|19
viin|vodka|водка|Wodka|viina, votka|19
visiit|visit, doctor's visit|визит|Hausvisite|vierailu|19ülejäänu|the rest, the rest of|прочий, остальной|Überbleibsel, Rest|ylijäämä, tähde|19
ala|area|местность, территория|Gebiet, Bereich|alue|20
esiiste|front seat|переднее сидение|Vordersitz|etuistuin|20
esitama|to present|предъявлять|aufführen, einreichen|esittää|20
hirm|fear|страх, ужас|Angst|kauhu, pelko|20
hoiatama|to warn|предупреждать|warnen, mahnen|varoittaa|20
hoiatus|warning, notice|предупреждение|Warnung|varoitus|20
hunt|wolf|волк|Wolf|susi|20
ilves|lynx|рысь|Luchs|ilves|20
juhe|cord|провод|Kabel|johto|20
kaotama|to lose|потерять|20
karv|fur|мех|Fell|karva|20
kiirustama|to hurry|спешить|sich beeilen|kiirehtiä|20
kinni jääma|to get stuck|застревать|stecken bleiben|jäädä kiinni|20
kokku põrkama|to bump into|сталкиваться|zusammenstoßen|törmätä|20
korda tegema|to repair|чинить|reparieren|järjestää|20
korrapidaja|steward|дежурный|Ordner|järjestyksenvalvoja|20
kukkuma|to fall|падать|fallen|pudota|20
käpp|paw|лапа|Pfote|käpälä, tassu|20
liin|line|линия|Linie|linja|20
lukk|lock, zipper|замок, молня|Schloss, Reissverschluss|lukko, vetokettju|20
läbi laskma|to leak|пропускать|lecken|päästää|20
naeratama|to smile|улыбаться|lächeln|hymyillä|20
päästeamet|rescue service|служба спасения|Rettungsdienst|pelastuspalvelu|20
päästja|rescuer|спасатель|Retter|pelastaja|20
radiaator|radiator|радиатор, батарея|Heizkörper, Heizung|lämpöpatteri|20
selgitama|to explain|объяснять|erklären|selittää|20
toode|product|изделие, продукт|Produkt, Erzeugnis|tuote|20
torm|storm|шторм|Sturm|myrsky|20
toru|pipe|труба, трубка|Rohr|putki|20
torulukksepp|plumber|сантехник|Klempner|putkiasentaja|20
traat|wire|проволока, провод|Draht|metallilanka|20
trahv|fine|штраф|Strafe, Geldstrafe|sakko, rangaistus|20
turvavöö|seat belt|ремень безопасности|Sicherheitsgurt|tuvavyö|20
tähelepanelik|observant, attentive|внимательный|aufmerksam|tarkkaavainen|20
uputus|flood|потоп, наводнение|Flut|tulva|20
vaevatasu|reward|компенсация|Belohnung|vaivanpalkka|20
vald|rural municipality|волость|Landkreis|kunta|20
varastama|to steal|воровать|stehlen|varastaa|20
veekogu|body of water|водоём|Gewässer|vesistö|20
vigastama|to injure|повреждать|verletzen|vahingoittaa|20
viskama|to throw|бросать|werfen|heittää|20
võõras|unknown, strange|чужой|fremd, unbekannt|vieras, tuntematon|20
võitma|to win|побеждать|gewinnen|voittaa|20
õhtupoolik|afternoon|послеобеденное время|Nachmittag|iltapäivä|20
õnnetus|accident|несчастье, авария|Unglück, Unfall|onnettomuus|20
alluv|subordinate|подчинённый|Untergebener|alainen|21|21
aruanne|отчёт, ведомость|Bericht, Report|selonteko|21
arutama|to discuss|обсуждать|besprechen, erörtern|pohtia, harkita|21
avaldus|application|заявление|Antrag|lausunto, hakemus|21
eesmärk|aim, goal, purpose|цель, назначение|Ziel|tavoite, tarkoitus|21
enamasti|mostly|в основном|meistens|enimmäkseen|21
harjuma|to get used to|привыкать|sich gewöhnen|tottua|21
harva|rarely|редко, изредка|selten|harvoin|21
kaasas olema|to have with|иметь с собой|dabei haben|olla mukana|21
juhataja|manager|заведующий|Leiter, Führungskraft|johtaja|21keskkond|environment|среда|Umwelt|ympäristö|21
kogemus|experience|опыт|Erfahrung|kokemus|21
kohustus|responsibility, duty|обязанность|Pflicht|velvollisuus|21
kolleeg|colleague|коллега|Kollege|kollega|21
kollektiiv|collective|коллектив|Kollektiv|kollektiivi|21
komandeering|business trip|командировка|Geschäftsreise|työmatka, virkamatka|21
koolitus|training|обучение|Schulung|koulutus|21
koosolek|meeting|собрание|Meeting|kokous, palaveri|21
korraldama|to arrange|организовывать|veranstalten, regeln|järjestää|21
meeleolu|spirits; mood|настроение|Stimmung|mieliala|21
nõnda|so|так, таким образом|so, also|niin, sillä tavalla|21
nõupidamine|meeting|совещание, совет|Tagung|neuvottelu|21
oskus|skill|умение, владение|Fähigkeit|taito|21
otsekohe|immediately|сразу|sofort|heti, oikopäätä|21
otsustama|to decide|принимать решение|entscheiden|päättää|21
paindlik|flexible|гибкий|biegsam, flexibel|taipuisa, joustava|21
peamiselt|mainly|преимущественно|hauptsächlich|pääosin|21
pingeline|tense; intensive|напряженный|angespannt, intensiv|jännittynyt, kireä|21
rahul|satisfied|доволен|zufrieden|tyytyväinen|21
suhted|relationships|отношения|Beziehungen|suhteet|21
suhtlema|to communicate|общаться|kommunizieren|kommunikoida|21
teenima|to earn|зарабатывать|verdienen|ansaita|21
tegelema|to deal with|заниматься|sich mit etw. beschäftigen toimia, harjoittaa|21
toimuma|to take place|происходить|passieren|tapahtua|21
tootmine|production|производство|Herstellung, Produktion|tuottaa|21
täht|letter, star|буква, звезда|Buchstabe, Stern|kirjain|21
tähtaeg|deadline|срок|Frist|määräaika|21
tööriist|tool; instrument|инструмент|Werkzeug, Instrument|työkalu|21
vahel|sometimes|иногда|manchmal|joskus|21
vahetus|shift, change|смена, обмен|Schicht, Wechsel|vaihto, vuoro|21
vaimne|mental|умственный, духовный|geistig, intellektuell|henkinen, hengen-|21
võimalus|possibility, chance|возможность, шанс|Möglichkeit|mahdollisuus|21
välissuhted|foreign affairs|зарубежные отношения|Außenbeziehungen|ulkomaansuhteet|21
ülemus|boss, chief|начальник, начальница|Vorgesetzter, Chef|esimies, päällikkö|21
üritama|to try|стараться, пытаться|versuchen|yrittää|21
üritus|event|мероприятие|Veranstaltung, Event|yritys, asia|21
ainuke|only, sole|единственный|einzige, einziger, einziges|ainoa|22
arg|shy|робкий, трусливый|schüchtern, feige|arka, pelokas|22
armuma|to fall in love|влюбиться|sich verlieben|rakastua|22
arvamus|opinion|мнение, отзыв|Ansicht, Meinung|mielipide|22
aus|honest|честный|ehrlich|reilu, rehellinen|22
elamus|experience|впечатление|Erlebnis|elämys|22
iseloom|personality|характер|Persönlichkeit|luonne|22
julge|brave|смелый, храбрый|tapfer|rohkea|22
jutukas|talkative, chatty|разговорчивый|gesprächig|puhelias|22
katki tegema|to break|сломать|zerbrechen|rikkoa|22
keeruline|complicated|сложный|schwierig|monimutkainen|22
kuld|gold|золото|Gold|kulta|22
kurb|sad|грустный|traurig|surullinen|22
kõhn|skinny|худой, худощавый|schmal, mager, dünn|laiha|22
lõbus|joyful|радостный, весёлый|lustig, fröhlich|hauska|22
lapsepõlv|childhood|детство|Kindheit|lapsuus|22
maastik|landscape|ландшафт, пейзаж|Landschaft|maasto, maisema|22
madal|low|низкий|niedrig|matala|22
merisiga|guinea pig|морская свинка|Meerschweinchen|marsu|22
mõis|manor|мыза, имение|Gutshof|kartano|22
mõju|influence|влияние|Einfluss|vaikutus|22nautima|to enjoy|наслаждаться|genießen|nauttia|22
neiu|young woman|девушка|junge Frau|neiti, neito|22
nõu andma|to advice|советовать|beraten|neuvoa|22
osalema|to participate|участвовать|teilnehmen|osallistua|22
osavõtt|participation|участие|Teilnahme|osanotto|22
pink|bench|скамейка, лавка|Bank|penkki|22
põder|moose|лось|Elch|hirvi|22
põhjendama|to reason|обосновывать|begründen|perustella|22
rumal|not smart|глупый|dumm, töricht|tyhmä, typerä|22
röövel|thief|разбойник, грабитель|Dieb, Räuber|rosvo|22
saabuma|to arrive|прибывать|ankommen|saapua|22
seiklus|adventure|приключение|Abenteuer|seikkailu|22
sõnum|message|сообщение, известие|Nachricht|viesti|22
tujukas|moody|kапризный, обидчивый|launisch|oikullinen|22
tutvustama|to introduce|знакомить|bekannt machen|tutustua, esitellä|22
tõsine|serious|серьёзный|ernst, seriös|vakava, totinen|22
töökas|diligent|трудолюбивый|fleißig, arbeitsam|ahkera, toimelias|22
uudishimulik|curious|любопытный|neugierig|utelias|22
vastu tulema|to meet (at airport, train station etc), to meet|встречать|abholen|tulla vastaan|22
vikerkaar|rainbow|радуга|Regenbogen|sateenkaari|22
ühendama|to connect|соединять|verbinden|yhdistää|22
alla võtma|to lose weight|сбрасывать вес|abnehmen|laihtua|23|23
avastama|to discover|обнаруживать|entdecken|keksiä, löytää|23
daam|lady, madam|дама|Dame|nainen|23
harjumus|habit|привычка|Gewohnheit|tottumus|23
juurde võtma|to put on weight|набирать вес|zunehmen|lihoa|23
jõusaal|fitness club, gym|тренажёрный зал|Fitnessstudio|kuntosali|23
järele tulema|to pick up|заехать (за кем-либо), заехать|abholen|tulla hakemaan|23
karastusjook|soft drink|прохладительный напиток|Erfrischungsgetränk|virvoitusjuoma|23
kergejõustik|athletics|легкая атлетика|Leichtathletik|yleisurheilu|23
kokku kukkuma|to collapse|свалиться|zusammenbrechen|lyyhistyä|23
koobas|cave|нора, пещера|Höhle|luola|23
kurat|devil|чёрт|Teufel|piru, perkele|23
lahti saama|to get rid of|избавиться|loswerden|päästä irti|23
langema|to fall|спускаться, падать|fallen, sinken|pudota, painua|23
loobuma|to give up|отказаться|aufgeben|luopua|23
lubadus|promise|обещание|Versprechen|lupaus|23
maha jätma|to leave|оставлять|verlassen|luopua, hylätä|23
matkama|to hike|путешествовать|wandern|retkeillä|23
muinasjutt|fairy tale|сказка|Märchen|satu|23
mõistus|intellect, mind|разум, ум, рассудок|Vernunft, Verstand|järki, äly|23
piisav|sufficient|достаточный|ausreichend, genug|riittävä|23
põrgu|hell|ад, преисподня|Hölle|helvetti|23
rasv|fat|жир|fett|rasva|23
selguma|to turn out|выясняться|sich klären|selvitä|23
spordiala|type of sport|вид спорта|Sportart|urheilulaji|23
tõstma|to lift|поднимать|heben|nostaa|23
vaim|spirit|дух|Geist|henki, sielu, haamu|23
astuma|to step|шагать|treten, schreiten|astua|24
fuajee|lobby|фойе|Eingangshalle, Foyer|aula|24
jahe|chilly, cool|прохладный|kühl, frisch|viileä, cool|24
jätma|to leave|оставлять|lassen, verlassen|jättää|24
kindlustus|insurance|страховка|Versicherung|vakuutus|24
kohver|suitcase|чемодан|Koffer|matkalaukku|24
kuivama|to dry|сушить|trocknen|kuivua|24
kustutama|to turn off (light), to turn off|тушить|(Licht) ausschalten, ausschalten|sammuttaa (valo), sammuttaa|24käterätt|hand towel|полотенце|Handtuch|käsipyyhe|24
lahe|great, cool|просторный|toll, cool|mukava, rento|24
lahkuma|to leave|уходить|verlassen, weggehen|lähteä, poistua|24
lukku keerama|to lock|запирать|abschließen|lukita|24
makse|payment|платеж|Bezahlung|maksu|24
ookean|ocean|океан|Ozean|valtameri|24
pagas|luggage|багаж|Gepäck|matkatavarat, matkatavara|24
piirkond|area|край, район|Gebiet, Gegend|alue|24
põlema|to burn|гореть|brennen|palaa|24
põnev|exciting|увлекательный|spannend|jännittävä|24
reisisaatja|travel guide|попутчик|Reiseführer|matkaopas|24
rest|towel rack|вешалка для полотенца|Handtuchablage|ritilä, jäännöspala|24
rätik|towel|полотенце|Handtuch|pyyhe|24
tunduma|to seem|казаться|scheinen|tuntua|24
tärn|star (hotel), star|звёздочка|Stern (Hotel), Stern|tähti|24
vajutama|to press|нажимать|drücken|painaa|24
elamus|experience|впечатление|Erlebnis|elämys|25
ennustama|to predict|предсказывать|vorhersagen|ennustaa|25
eriline|special|особенный|besonders|erityinen|25
erinema|to differ|отличаться|sich unterscheiden|erota, poiketa|25
etendus|performance|представление|Aufführung|esitys|25
habe|beard|борода|Bart|parta|25
hobune|horse|лошадь|Pferd|hevonen|25
jaaniuss|glowworm|светлячок|Glühwürmchen|kiiltomato|25
kallas|seashore|берег|Ufer|ranta, äyräs|25
kari|herd, cattle|скот|Herde|lauma|25
kavatsema|to intend|намереваться|planen, vorhaben|suunnitella, aikoa|25
kitsas|narrow|узкий|eng|ahdas, kapea|25
koostama|to compile|составлять|zusammenstellen|laatia, koostaa|25
kukkel|bun|булочка|Brötchen|sämpylä|25
kuuluma|to belong|принадлежать|gehören|kuulua|25
kuusk|fir, spruce|ель|Fichte|kuusi|25
laht|bay, gulf|залив|Bucht|lahti|25
ligi|almost|почти, близко|fast, nah|lähellä, liki|25
lipp|flag|флаг|Fahne|lippu|25
majutus|accommodation|проживание|Unterkunft|majoitus|25
metsik|wild|дикий|wild, wüst|kesytön, villi, raju|25
mälestus|memory|воспоминание|Erinnerung|muisto|25
mänd|pine|сосна|Kiefer|mänty|25
paat|boat|лодка|Boot|vene, paatti|25
paik|place, spot|место|Ort, Stelle, Platz|paikka, kohta|25
piir|boarder|граница|Grenze|raja|25
porine|muddy|грязный, слякотный|schmutzig, dreckig|kurainen|25
põld|field|поле|Feld, Acker|pelto|25
rand|beach|пляж|Strand|ranta|25
reisisiht|travel destination|место назначения|Reiseziel|määränpää|25
soo|swamp|болото|Sumpf|suo|25
sõnajalg|fern|папоротник|Farnkraut|sananjalka|25
sündmus|event|событие|Ereignis|tapahtuma, tapaus|25
teeviit|road sign|дорожный указатель|Wegweiser|tienviitta|25
tehas|factory, plant|завод|Werk, Betrieb|tehdas|25
telk|tent|палатка|Zelt|teltta|25
tuntud|well-known|известный|bekannt|tunnettu|25
vastlad|Shrove Tuesday|масленица|Fasching|laskiainen|25
õis|blossom|цветок|Blüte|kukka|25
ööbima|to spend a night|ночевать|gut bekannt|yöpyä|25
ärkamine|awakening|пробуждение|Erwachen|herääminen|25
