FLERE SUBSTANTIVER (MATORD), 1-4, KOMMER SENERE I MEIÐÄN JOUKKO 
kainulainen __ N __ n42 __ kven __ kainulainen __ Kven __ MJ1 __ PEOPLE
aamu __ N __ n21 __ morgen __ aamu __ morning __ MJ1 __ TIME
adressi __ N __ n22odd __ adresse __ osoite __ address __ MJ4 __ PEOPLE_ID
aika __ N __ n21 __ tid __ aika __ time __ MJ2 __ TIME
anorakki __ N __ n22 __ anorakk __ anorakki __ anorak __ MJ8 __ CLOTHING
asfalttitie __ N __ n1 __ asfaltvei __ asfalttitie __ asfalt road __ MJ5 __ ROAD
assii __ N __ n23ii __ sak __ asia __ subject  __ MJ3 __ ABSTRACT 
aurinko __ N __ n22odd __ sol __ aurinko __ sun __ MJ1 __ NATURE 
dongerihousut __ N __ n21pl __ dongeribukser __ farkut __ jeans __ MJ8 __ CLOTHING_PL
faari __ N __ n21 __ far __ isä __ father __ MJ5 __ FAMILY
fiksuuni __ N __ n22odd __ fiksjon __ fiktio __ fiction __ MJ7 __ TEXT
filmi __ N __ n21 __ film __ elokuva __ film __ MJ6 __ TEXT_OTHER
flyyi __ N __ n21 __ fly __ lentokone __ air plane __ MJ7 __ VEHICLE
frisööri __ N __ n22odd __ frisør __ kampaaja __ hairdresser __ MJ7 __ PROFESSION
hamet __ N __ n33t __ skjørt __ hame __ skirt __ MJ8 __ CLOTHING
hamina __ N __ n22odd __ havn __ satama __ harbour __ MJ5 __ NATURE_PLACE 
histooria __ N __ n22oi __ historie __ historia __ history __ MJ3 __ ABSTRACT
hoppu __ N __ n21 __ hast, travelhet __ kiire __ hurry __ MJ3 __ ABSTRACT
housut __ N __ n21pl __ bukser __ housut __ trousers __ MJ8 __ CLOTHING
huonet __ N __ n33t __ hus __ talo __ house __ MJ5 __ BUILDING
hylly __ N __ n21 __ hylle __ hylly __ shelf __ MJ8 __ ROOM_OTHER
ihminen __ N __ n42 __ menneske __ ihminen __ human being __ MJ2 __ PEOPLE
ilta __ N __ n21 __ kveld __ ilta __ evening __ MJ1 __ TIME
ilma __ N __ n21 __ vær __ ilma __ weather __ MJ1 __ WEATHER
institutti __ N __ n22 __ institutt __ instituutti __ institution __ MJ3 __ BUILDING,SCHOOL
jakka __ N __ n21 __ jakke __ jakku __ jacket __ MJ8 __ CLOTHING
jalka __ N __ n21 __ fot __ jalka __ foot __ MJ8 __ BODYPART
jano __ N __ n21 __ tørst __ jano __ thirst __ MJ1 __ FEELING
joggekenkä __ N __ n21 __ joggesko __ lenkkikenkä __ sneaker __ MJ8 __ CLOTHING
joki __ N __ n21 __ elv __ joki __ river __ MJ5 __ NATURE
järvi __ N __ n21ie __ innsjø __ järvi __ lake __ MJ5 __ NATURE
kafea __ N __ n22oi __ kafé __ kahvila __ café __ MJ1 __ BUILDING
kaffi __ N __ n21 __ kaffe __ kahvi __ coffee __ MJ1 __ DRINK
kainu __ N __ n21 __ kvensk __ kveeni __ Kven language __ MJ1 __ LANGUAGE
kakko __ N __ n21 __ kake __ kakku __ cake __ MJ2 __ FOOD_DISH
kalavelli __ N __ n21 __ fiskesuppe __ kalakeitto __ fish soup __ MJ5 __ FOOD_DISH
kaupunki __ N __ n22odd __ by __ kaupunki __ city __ MJ8 __ NATURE
kaveri __ N __ n22odd __ kamerat __ kaveri __ friend __ MJ4 __ FAMILY
kello __ N __ n21 __ klokka __ kello __ clock __ MJ4 __ TIME
kenkä __ N __ n21 __ sko __ kenkä __ shoe __ MJ8 __ CLOTHING
kenttä __ N __ n21 __ gårdsplass, slette, eng __ piha, niitty __ yard,flatmark, meadow __ MJ1 __ NATURE_PLACE
keskipäivä __ N __ n21 __ middag, midt på dagen __ päivällinen, keskipäivä __ dinner __ MJ7 __ FOOD_OTHER, TIME
kesä __ N __ n21 __ sommer __ kesä __ summer __ MJ5 __ TIME
kieli __ N __ n21ie __ språk, tunge __ kieli __ language, tongue __ MJ1 __ LANGUAGE, BODYPART
kino __ N __ n21 __ kino __ elokuvateatteri __ cinema __ MJ6 __ BUILDING
kinosali __ N __ n21 __ kinosal __ elokuvasali __ cinema auditorium __ MJ7 __ ROOM
kirja __ N __ n21 __ bok __ kirja __ book __ MJ1 __ TEXT
kirjailiija __ N __ n22oi __ forfatter __ kirjailija __ writer __ MJ1 __ PROFESSION
klasi __ N __ n21 __ vindu __ ikkuna __ window __ MJ2 __ ROOM_PART
kleninki __ N __ n22 __ kjole __ leninki __ dress __ MJ8 __ CLOTHING
kortti __ N __ n21 __ kort __ kortti __ card __ MJ2 __ THING
kotohuonet __ N __ n33t __ hjemhus __ kotitalo __ house __ MJ5 __ BUILDING
kotokylä __ N __ n21 __ hjembygd __ kotikylä __ native district __ MJ5 __ NATURE_PLACE
kotopaikka __ N __ n21 __ hjemplass __ kotipaikka __ district of origin __ MJ5 __ NATURE_PLACE
kruunu __ N __ n21 __ krone __ kruunu __ crown __ MJ2 __ FINANCE
kulttuuri __ N __ n22odd __ kultur __ kulttuuri __ culture __ MJ1 __ ABSTRACT
kuningas __ N __ n33sodd __ konge __ kuningas __ king __ MJ7 __ PROFESSION
kuppi __ N __ n21 __ kopp __ kuppi __ cup __ MJ8 __ KITCHEN, CONTAINER
kylä __ N __ n21 __ bygd, grend, landsby __ kylä __ village __ MJ5 __ NATURE_PLACE
käsifuuni __ N __ n21 __ mobiltelefon __ kännykkä __ mobile phone __ MJ3 __ THING
laukku __ N __ n21 __ veske __ laukku __ bag __ MJ3 __ CONTAINER
loota __ N __ n21 __ eske __ laatikko __ box __ MJ8 __ CONTAINER
loppu __ N __ n21 __ slutt __ loppu __ end __ MJ7 __ ABSTRACT
lumi __ N __ n21m __ snø __ lumi __ snow __ MJ1 __ SNOW
luku __ N __ n21 __ tall __ luku __ number __ MJ7 __ ABSTRACT
läksy __ N __ n21 __ lekse __ läksy __ home work __ MJ4 __ SCHOOL
maisema __ N __ n22 __ landskap __ maisema __ landscape __ MJ5 __ NATURE_OTHER
maksovehjet __ N __ n33t __ kortautomat __ korttiautomaatti __ cashpoint __ MJ2 __ TOOL
marmelaati __ N __ n22 __ marmelade __ marmelaati __ marmelade __ MJ2 __ FOOD_GROCERY
matematikki __ N __ n22odd __ matematikk __ matematiikka __ mathematics __ MJ3 __ EDUCATION
meri __ N __ n21 __ hav, sjø __ meri __ ocean, sea __ MJ5 __ NATURE_PLACE
muori __ N __ n21 __ mor __ äiti __ mother __ MJ5 __ FAMILY
nahkasaapas __ N __ n33s __ skinnstøvel __ nahkasaapas __ boot __ MJ8 __ CLOTHING
nainen __ N __ n42 __ kvinne __ nainen __ woman __ MJ7 __ PEOPLE
niemi __ N __ n21ie __ nes __ niemi __ headland __ MJ5 __ NATURE_PLACE
nimi __ N __ n21ie __ navn __ nimi __ name __ MJ7 __ PEOPLE_ID
nälkä __ N __ n21 __ sult __ nälkä __ hunger __ MJ2 __ ABSTRACT
opettaaja __ N __ n22 __ lærer __ opettaja __ teacher __ MJ4 __ PROFESSION
oppitiima __ N __ n21 __ leksjon, undervisningstime __ oppitunti __ lesson __ MJ4 __ EDUCATION
ostosentteri __ N __ n21 __ kjøpesenter __ ostoskeskus __ shopping centre  __ MJ8 __ BUILDING
outa __ N __ n21 __ skog __ metsä __ forest __ MJ5 __ NATURE_PLACE
ovi __ N __ n21ie __ dør __ ovi __ door __ MJ5 __ ROOM_PART
paaro __ N __ n21 __ bølge __ aalto __ wave __ MJ5 __ NATURE_WATER
paikka __ N __ n21 __ sted __ paikka __ place __ MJ4 __ NATURE_PLACE
persoona __ N __ n22odd __ person __ persoona __ person __ MJ7 __ PEOPLE
piili __ N __ n21 __ bil __ auto __ car __ MJ5 __ VEHICLE
piletti __ N __ n22odd __ billett __ lippu __ ticket __ MJ7 __ THING
plyysi __ N __ n21 __ bluse __ pusero __ bluse __ MJ8 __ CLOTHING
poika __ N __ n21 __ gutt __ poika __ boy __ MJ3 __ FAMILY
polvi __ N __ n21ie __ kne __ polvi __ knee __ MJ8 __ BODYPART
poro __ N __ n21 __ rein __ poro __ reindeer __ MJ7 __ ANIMAL_OTHER
pretta __ N __ n21 __ brett __ tarjotin __ tray __ MJ2 __ KITCHEN
pryysi __ N __ n21 __ brus __ limsa  __ soft drink __ MJ2 __ DRINK
prööviloma __ N __ n21 __ prøverom __ sovitushuone __ dressing room __ MJ8 __ SHOP
pumpulipuhet __ N __ n33t __ tullprat __ pötypuhe __ rubbish __ MJ2 __ LANGUAGE
puoli __ N __ n21ie __ halv, side __ puoli __ half, side __ MJ4 __ TIME_OTHER, ABSTRACT
putikki __ N __ n22odd __ butikk __ kauppa __ shop __ MJ8 __ SHOP
pyssi __ N __ n21 __ buss __ bussi __ buss __ MJ3 __ VEHICLE
päivä __ N __ n21 __ dag __ päivä __ day __ MJ1 __ TIME
päälinen __ N __ n42odd __ fløte __ kerma __ cream __ MJ2 __ FOOD_GROCERY
päälyspiimä __ N __ n21 __ rømme __ hapanmaitotuote __ sour cream __ MJ2 __ FOOD_GROCERY
pää __ N __ n1 __ hode, ende __ pää __ head, end __ MJ8 __ BODYPART
pöytä __ N __ n21 __ bord __ pöytä __ table __ MJ2 __ ROOM_OTHER
raita __ N __ n21 __ stripe __ raita __ stripe __ MJ8 __ CLOTHING_OTHER
ranta __ N __ n21 __ strand __ ranta __ strand __ MJ5 __ NATURE_PLACE
reisu __ N __ n21 __ tur, reise __ retki, matka __ trip, journey __ MJ7 __ TRAVELLING
remu __ N __ n21 __ bråk __ melu __ noice __ MJ7 __ SOUND
restaurantti __ N __ n22 __ restaurant __ ravintola __ restaurant __ MJ7 __ BUILDING
rinnet __ N __ n33t __ skråning, li __ rinne __ hillside __ MJ5 __ NATURE_PLACE
rommaani __ N __ n22odd __ roman __ romaani __ novel __ MJ1 __ TEXT
ruoka __ N __ n21 __ mat __ ruoka __ food __ MJ7 __ FOOD_OTHER
koko __ N __ n21 __ størrelse __ koko __ size __ MJ8 __ CLOTHING, ABSTRACT
saapas __ N __ n21 __ støvel __ saapas __ boot __ MJ8 __ CLOTHING
saari __ N __ n21 __ øy __ saari __ island __ MJ5 __ NATURE_PLACE
siljo __ N __ n21 __ gårdsplass __ piha __ yard __ MJ5 __ NATURE_PLACE
sisar __ N __ n32 __ søster __ sisar __ sister __ MJ5 __ FAMILY
soffa __ N __ n21 __ sofa __ sohva __ sofa __ MJ6 __ ROOM_OTHER
sokkeri __ N __ n22odd __ sukker __ sokeri __ sugar __ MJ2 __ FOOD_GROCERY
spesiaalikaffi __ N __ n21 __ spesialkaffe __ erikoiskahvi __ special coffee __ MJ2 __ FOOD_GROCERY
spesiaaliputiikki __ N __ n22odd __ spesialbutikk __ erikoisliike __ special shop __ MJ8 __ SHOP
sukka __ N __ n21 __ strømpe __ sukka __ sock __ MJ8 __ CLOTHING
sukulaatikakko __ N __ n21 __ sjokoladekake __ suklaakakku __ chocolate cake __ MJ2 __ FOOD_DISH
syksy __ N __ n21 __ høst __ syksy __ autumn __ MJ1 __ TIME
syyspäivä __ N __ n21 __ høstdag __ syyspäivä __ autumn day __ MJ1 __ TIME
sänky __ N __ n21 __ seng __ sänky __ bed __ MJ5 __ ROOM_OTHER
säätieđotus __ N __ n21 __ værmelding __ säätiedotus __ weather report __ MJ1 __ TEXT
T-paita __ N __ n21 __ T-skjorte __ T-paita __ T-shirt __ MJ8 __ CLOTHING
talvi __ N __ n21ie __ vinter __ talvi __ winter __ MJ8 __ TIME
tee __ N __ n1 __ te __ tee __ tea __ MJ2 __ DRINK
tie __ N __ n1 __ vei __ tie __ way __ MJ5 __ ROAD
tiima __ N __ n21 __ time __ tunti __ hour __ MJ4 __ TIME
tiski __ N __ n21 __ disk __ tiski, myyntipöytä __ counter __ MJ2 __ ROOM_OTHER
tooki __ N __ n21 __ tog __ juna __ train __ MJ7 __ VEHICLE
tosi __ N __ n31si __ sannhet __ tosi __ true __ MJ7 __ ABSTRACT
tröijy __ N __ n21 __ ulltrøye __ villapaita __ pullover __ MJ8 __ CLOTHING
tunturi __ N __ n22odd __ fjell __ tunturi __ mountain __ MJ5 __ NATURE
tytär __ N __ n32 __ datter __ tytär __ daughter __ MJ2 __ FAMILY
tällinki __ N __ n22odd __ stativ __ teline __ rack __ MJ8 __ ROOM_OTHER
universiteetti __ N __ n22 __ universitet __ yliopisto __ university __ MJ1 __ SCHOOL
vaara __ N __ n21 __ fare __ vaara __ danger __ MJ5 __ NATURE_PLACE
vaatetkauppa __ N __ n21 __ klesbutikk __ vaatekauppa __ clothes shop __ MJ8 __ SHOP
vaatet __ N __ n33t __ klær __ vaate __ cloth __ MJ5 __ CLOTHING
vaatetputiikki __ N __ n22odd __ klesbutikk __ vaatekauppa __ clothes shop __ MJ8 __ SHOP
vaffeli __ N __ n22odd __ vaffel __ vohveli __ waffle __ MJ2 __ FOOD_OTHER
vaimo __ N __ n21 __ kvinne, kone __ nainen, vaimo __ woman, wife __ MJ5 __ FAMILY
vankka __ N __ n21 __ dal __ laakso __ valley __ MJ5 __ NATURE_PLACE
veli __ N __ n21ie __ bror __ veli __ brother __ MJ5 __ FAMILY
venet __ N __ n33t __ båt __ vene __ boat __ MJ5 __ VEHICLE
viini __ N __ n21 __ vin __ viini __ wine __ MJ7 __ DRINK
virta __ N __ n21 __ strøm __ virta __ stream __ MJ5 __ NATURE_PLACE
vuono __ N __ n21 __ fjord __ vuono __ fjord __ MJ5 __ NATURE_PLACE
äiji __ N __ n21 __ bestefar __ ukki, isoisä __ grandfather __ MJ5 __ FAMILY
ämmi __ N __ n21 __ bestemor __ mummi, isoäiti __ grand mother __ MJ5 __ FAMILY
ääni __ N __ n21ie __ stemme __ ääni __ voice __ MJ6 __ VOICE
ööli __ N __ n21 __ øl __ olut __ beer __ MJ7 __ FOOD_GROCERY


SUBSTANTIVER 1-4, IKKE I MJ
maanantai __ N __ n1 __ mandag __ maanantai __ Monday __ GK1 __ TIME
tiistai __ N __ n1 __ tirsdag __ tiistai __ Tuesday __ GK1 __ TIME
keskiviikko __ N __ n1 __ onsdag __ keskiviikko __ Wednesday __ GK1 __ TIME
tuorestai __ N __ n1 __ torsdag __ torstai __ Thursday __ GK1, MJ14 __ TIME
perjantai __ N __ n1 __ fredag __ perjantai __ Friday __ GK1, MJ4 __ TIME
lauvantai __ N __ n1 __ lørdag __ lauantai __ Saturday __ GK1, MJ7 __ TIME
sunnuntai __ N __ n1 __ søndag __ sunnuntai __ Sunday __ GK1, MJ14 __ TIME
norjalainen __ N __ n42 __ nordmann __ norjalainen __ Norwegian __ GK1 __ PEOPLE
saamelainen __ N __ n42 __ same __ saamelainen __ Sami __ GK1 __ PEOPLE
ruottalainen __ N __ n42 __ svenske __ ruotsalainen __ Swede __ GK1 __ PEOPLE 
tanskalainen __ N __ n42 __ danske __ tanskalainen __ Dane __ GK1 __ PEOPLE
venäläinen __ N __ n42 __ russer __ venäläinen __ Russian __ GK1 __ PEOPLE
saksalainen __ N __ n42 __ tysker __ saksalainen __ German __ GK1 __ PEOPLE
englantilainen __ N __ n42 __ engeskmann __ englantilainen __ English __ GK1 __ PEOPLE
amerikkalainen __ N __ n42 __ amerikaner __ amerikkalainen __ American __ GK1 __ PEOPLE

VERBIT 1-4
ajatella __ V __ v3ele __ tenke __ ajatella __ think __ MJ3 __ HUMAN_V
anttaat __ V __ v2 __ gi __ antaa __ give __ MJ2 __ ACTION_V
assuut __ V __ v2 __ bo __ asua __ live __ MJ4 __ ACTION_V
ehđoittaat __ V __ v2odd __ foreslå __ ehdottaa __ suggest __ MJ1 __ VERBAL_V
haluta __ V __ v43odd __ ha lyst til, ville, ønske __ haluta __ want __ MJ1 __ HUMAN_V, AUX_V
hunteerata __ V __ v43 __ tenke, fundere __ ajatella, miettiä __ think __ MJ2 __ HUMAN_V
huuttaat __ V __ v2 __ rope __ huutaa __ shout __ MJ2 __ VERBAL_V
ei __ V __ vx __ ikke __ ei __ no __ MJ1
häyttyyt __ V __ v2 __ måtte, være nødt til __ täytyä __ must __ MJ3 __ AUX_V
ihmetellä __ V __ v3ele __ undre __ ihmetellä __ wonder __ MJ1 __ VERBAL_V
istuut __ V __ v2 __ sitte __ istua __ sit __ MJ1 __ HUMAN_V
jaksaat __ V __ v2 __ orke, klare __ jaksaa __ be able to __ MJ4 __ AUX_V 
juoda __ V __ v1 __ drikke __ juoda __ drink __ MJ2 __ ACTION_V
juosta __ V __ v3juosta __ løpe __ juosta __ spring __ MJ4 __ MOVEMENT_V
kattoot __ V __ v2 __ se på __ katsoa __ look at __ MJ3 __ ACTION_V
keritä __ V __ v4odd __ rekke, ha tid __ keritä __ have time __ MJ4 __ TIME_V
kiittäät __ V __ v2 __ takke __ kiittää __ thank __ MJ2 __ VERBAL_V
kirjoittaat __ V __ v2odd __ skrive __ kirjoittaa __ write __ MJ1 __ ACTION_V
kohđatella __ V __ v3ele __ møte, treffe __ kahdata __ meet __ MJ3 __ ACTION_V
kulkkeet __ V __ v2 __ gå, ferdes __ kulkea __ go __ MJ3 __ MOVEMENT_V
kuula __ V __ v3eleshort __ høre __ kuullaa __ hear __ MJ4 __ HUMAN_V 
kyssyyt __ V __ v2 __ spørre __ kysyä __ ask __ MJ1 __ VERBAL_V
käskeet __ V __ v2 __ gi ordre, kalle __ käskeä, kutsua __ command, call __ MJ2 __ VERBAL_V
lukkeet __ V __ v2 __ lese __ lukea __ read __ MJ1 __ ACTION_V
luula __ V __ v3eleshort __ anta, tenke, tro __ luulla __ think, belive, suppose __ MJ2 __ HUMAN_V 
lähteet __ V __ v2 __ dra av gårde, gå __ lähteä __ leave __ MJ1 __ MOVEMENT_V
maksaat __ V __ v2 __ betale __ maksaa __ pay __ MJ2 __ ACTION_V
meinata __ V __ v43odd __ synes, mene, tenke __ meinata __ think __ MJ1 __ VERBAL_V
mennä __ V __ v3lnr __ gå, ferdes __ mennä __ go __ MJ1 __ MOVEMENT_V
muistaat __ V __ v2 __ huske __ muistaa __ remenber __ MJ1 __ HUMAN_V 
muistela __ V __ v3eleodd __ fortelle __ kertoa __ tell __ MJ1 __ VERBAL_V
nouttaat __ V __ v2 __ hente __ noutaa __ fetch __ MJ2 __ ACTION_V
nousta __ V __ vx __ stige, stikke opp, stå opp __ nousta __ rise __ MJ1 __ MOVEMENT_V
nähdä __ V __ v1nahda __ se __ nähdä __ see __ MJ2 __ ACTION_V
näjetellä __ V __ v3ele __ se hverandre __ nähdä toisensa __ see each other __ MJ3 __ HUMAN_V 
näyttäät __ V __ v2 __ vise __ näyttää __ show __ MJ2 __ ACTION_V
ođottaat __ V __ v2odd __ vente __ odottaa __ wait __ MJ1 __ HUMAN_V 
olla __ V __ vx __ være __ olla __ be __ MJ1 __ HUMAN_V
ottaat __ V __ v2 __ ta __ ottaa __ take __ MJ2 __ ACTION_V
paistaat __ V __ v2 __ skinne, steke __ paistaa __ shine, fry __ MJ1 __ WEATHER_V, ACTION_V
panna __ V __ v3lnr __ sette __ panna __ put __ MJ1 __ ACTION_V
passata __ V __ v43odd __ passe, ha tilsyn med, passe på  __ sopia, vahtia __ suit, look after __ MJ4 __ ACTION_V
pittäät __ V __ v2 __ skulle, må, holde, synes, bruke __ pitää, olla jotakin mieltä __ shall, must, hold, think, use __ MJ3 __ AUX_V
praatata __ V __ v43odd __ snakke __ puhua __ talk __ MJ1 __ VERBAL_V
pruukata __ V __ v43odd __ pleie, bruke, ha som vane __ olla tapana __ use to do __ MJ2 __ AUX_V
puhhuut __ V __ v2 __ snakke __ puhua __ talk __ MJ3 __ VERBAL_V
pyyttäät __ V __ v2 __ be om __ pyytää __ ask __ MJ2 __ VERBAL_V
päättäät __ V __ v2 __ bestemme __ päättää __ decide __ MJ4 __ HUMAN_V
rinkata __ V __ v43odd __ ringe __ soittaa __ call __ MJ3 __ ACTION_V 
saađa __ V __ v1 __ få __ saada __ get __ MJ1 __ ACTION_V
saattaat __ V __ v2 __ kunne, makte __ saattaa __ be able __ MJ4 __ AUX_V
sattaat __ V __ v2 __ regne __ sataa __ rain __ MJ1 __ WEATHER_V
sannoot __ V __ v2 __ si __ sanoa __ say __ MJ1 __ VERBAL_V
seissoot __ V __ v2 __ stå __ seisoa __ stand __ MJ1 __ HUMAN_V
soppiit __ V __ v2 __ avtale __ sopia __ agree __ MJ4 __ VERBAL_V
studeerata __ V __ v43 __ studere __ opiskella __ study __ MJ1 __ ACTION_V
syöđä __ V __ v1 __ spise __ syödä __ eat __ MJ2 __ ACTION_V
tarvita __ V __ v4itte __ behøve __ tarvita __ need __ MJ2 __ HUMAN_V
tehđä __ V __ v1tehda __ gjøre __ tehdä __ make __ MJ2 __ ACTION_V
tervetellä __ V __ v3ele __ hilse __ tervehtiä __ greet __ MJ2 __ VERBAL_V
tiettäät __ V __ v2 __ vite __ tietää __ know __ MJ4 __ HUMAN_V
toivoot __ V __ v2 __ håpe __ toivoa __ hope __ MJ1 __ HUMAN_V
tulla __ V __ v1 __ komme __ tulla __ come __ MJ1 __ MOVEMENT_V
tuntteet __ V __ v2 __ kjenne __ tuntea __ know __ MJ3 __ HUMAN_V
tuođa __ V __ v1 __ bringe __ tuoda __ bring __ MJ2 __ ACTION_V
tutustuut __ V __ v2odd __ bli kjent __ tutustua __ learn to know __ MJ4 __ HUMAN_V
tykätä __ V __ v43odd __ like __ pitää __ like __ MJ1 __ EXPERIENCE_V
vastata __ V __ v43odd __ svare __ vastata __ answer __ MJ1 __ VERBAL_V

ADJEKTIV 1-4
fiini __ A __ a21 __ fin __ hieno __ fine __ MJ1 __ HUMAN_A 
hyvä __ A __ a21 __ god __ hyvä __ good __ MJ1 __ SOUP_A 
hööli __ A __ a21 __ høflig __ kohtelias __ polite __ MJ4 __ HUMAN_A
iloinen __ A __ a42odd __ glad __ iloinen __ cheerful,joyful __ MJ4 __ HUMAN_A
iso __ A __ a21 __ stor __ iso __ large __ MJ1 __ HUMAN_A
jännittäävä __ A __ a22 __ spennede __ jännittävä __ exciting __ MJ1 __ EXPERIENCE_A
kaunis __ A __ a33s __ vakker __ kaunis __ beautiful __ MJ1 __ HUMAN_A 
kommee __ A __ a23 __ staselig, flott, prektig __ komea __ handsome __ MJ3 __ HUMAN_A 
lämmin __ A __ ax __ varm __ lämmin __ warm __ MJ1 __ WEATHER_A
nuori __ A __ a31 __ ung __ nuori __ young __ MJ2 __ HUMAN_A 
paksu __ A __ a21 __ tjukk __ paksu __ fat, thick  __ MJ1 __ BODY_A 
pieni __ A __ a31 __ liten __ pieni __ small __ MJ1 __ HUMAN_A 
pitkä __ A __ a21 __ lang __ pitkä __ long __ MJ1 __ HUMAN_A 
rauhalinen __ A __ a42 __ rolig __ rauhalinen __ peaceful __ MJ2 __ HUMAN_A 
selvä __ A __ a21 __ klar __ selvä __ clear __ MJ2 __ ABSTRACT_A
semmoinen __ A __ a42odd __ den slags, slik __ semmoinen, sellainen __ such __ MJ3 __ ABSTRACT_A
siivo __ A __ a21 __ ordentlig, snill  __ kunnollinen, kiltti __ proper, kind __ MJ2 __ HUMAN_A 
sikkari __ A __ a22 __ sikker __ varma __ sure __ MJ2 __ ABSTRACT_A
soma __ A __ a21 __ artig, morsom, trivelig __ mukava, hauska __ nice __ MJ1 __ ABSTRACT_A
tavalinen __ A __ a42 __ vanlig __ tavallinen __ usual __ MJ2 __ ABSTRACT_A
tromssalainen __ A __ a42 __ tromsøværing __ tromssalainen __ a person from Tromsø __ MJ3 __ HUMAN_A
vaipunu __ A __ ax __ trøtt __ väsynyt __ tired __ MJ3 __ HUMAN_A 
vihainen __ A __ a42odd __ sint __ vihainen __ angry __ MJ3 __ HUMAN_A 

ADVERB
alla __ Po __ x __ under __ alla __ under __ MJ2 __ BUILDING_ADV
kans __ Po __ x __ med __ kanssa __ with __ MJ2 __ PEOPLE_ADV
päälä __ Po __ x __ på, oppe på __ päällä __ on, at __ MJ2 __ BUILDING_ADV
takana __ Po __ x __ bakenfor, bakom, bak __ takana __ back __ MJ2 __ BUILDING_ADV
tykö __ Po __ x __ til __ luo, luokse __ to __ MJ2 __ PEOPLE_ADV
vieressä __ Po __ x __   ved siden av __ vieressä __ beside __ MJ2 __ PEOPLE_ADV
vierheen __ Po __ x __ ved siden av __ viereen __ beside __ MJ2 __ PEOPLE_ADV
yli __ Adv __ x __ over __ yli __ over __ MJ4 __ BUILDING_ADV
ympäri __ Po __ x __  omkring, rundt omkring __ ympäri __ around __ MJ1 __ BUILDING_ADV
aina __ Adv __ x __  alltid, fremdeles, ennå __ aina, edelleen, yhä __ always, still, so far __ MJ1 __ TIME_ADV
alas __ Adv __ x __ ned __ alas __ down __ MJ2 __ BUILDING_ADV, NATURE_ADV
antheeksi __ Adv __ x __ unnskyld, om forlatelse  __ anteeksi __ excuse me __ MJ1 __ PEOPLE_ADV
auki __ Adv __ x __ åpen __ auki __ open __ MJ1 __ SHOP_ADV 
eilen __ Adv __ x __ i går __ eilen __ yesterday __ MJ3 __ TIME_ADV, MOVEMENT_ADV
ennää __ Adv __ x __ mer __ enää __ more __ MJ4 __ TIME_ADV, MOVEMENT_ADV
ensistä __ Adv __ x __ først __ ensiksi __ first __ MJ2 __ TIME_ADV, ACTION_ADV
heti __ Adv __ x __ snart, straks __ heti __ at once __ MJ3 __ TIME_ADV, MOVEMENT_ADV
hiljain __ Adv __ x __ sent __ myöhään __ late __ MJ1 __ TIME_ADV, MOVEMENT_ADV
huomena __ Adv __ x __ i morgen __ huomenna __ tomorrow __ MJ4 __ TIME_ADV, MOVEMENT_V, ACTION_ADV
hyvin __ Adv __ x __ bra, meget __ hyvin __ well, very __ MJ1 __ EXPRESSIONS_ADV, HUMAN_ADV 
ilman __ Adv __ x __ vel, gratis __ kai, ilmainen __ perhaps, free of charge __ MJ1 __ ACTION_ADV
jo __ Adv __ x __ allerede __ jo __ already __ MJ1 __ TIME_ADV
justhiin __ Adv __ x __ akkurat, nettopp __ juuri __ exactly, precisely, just  __ MJ3 __ ACTION_ADV, MOVEMENT_ADV
juuri __ Adv __ x __ akkurat, så vidt __ juuri __ exactly, precisely, only just __ MJ3 __ ACTION_ADV
koska __ Adv __ x __ når __ milloin, koska __ when __ MJ4 __ ACTION_ADV, MOVEMENT_ADV
kotona __ Adv __ x __ hjemme __ kotona __ at home __ MJ3 __ PEOPLE_ADV
kuitenki __ Adv __ x __ likevel, i hvert fall __ kuitenkin __ although, nevertheles __ MJ1 __ ACTION_ADV, MOVEMENT_ADV
kunka __ Adv __ x __ hvordan, på hvilken måte __ kuinka, miten __ how __ MJ1 __ ACTION_ADV, MOVEMENT_ADV
kyllä __ Adv __ x __ nok __ kyllä __ certainly, indeed __ MJ1 __ ACTION_ADV, MOVEMENT_ADV
liijan __ Adv __ x __ altfor __ liian __ too __ MJ1 __ HUMAN_ADV
lämpimästi __ Adv __ x __ varmt __ lämpimästi __ warmly __ MJ1 __ WEATHER_ADV
muuvale __ Adv __ x __ til et annet sted __ muualle __ somewhere else __ MJ4 __ MOVEMENT_ADV
myötä __ Adv __ x __ med __ mukana __ with, along, together __ MJ3 __ PEOPLE_ADV
niin __ Adv __ x __ så __ niin __ so __ MJ1 __ TIME_A, HUMAN_ADV
nuoin __ Adv __ x __ så der __ noin __ so __ MJ4 __ TIME_ADV
oikhein __ Adv __ x __ rett, riktig __ oikein __ correct, right __ MJ1 __ HUMAN_ADV
paljon __ Adv __ x __ mye __ paljon __ much __ MJ2 __ FINANCE_V, FOOD_ADV
piian __ Adv __ x __ kanskje __ ehkä __ maybe __ MJ1 __ HUMAN_ADV
pois __ Adv __ x __ bort, vekk __ pois __ away __ MJ1 __ PEOPLE_ID_ADV
pääle __ Adv __ x __ på __ pääle __ on __ MJ2 __ FURNITURE_ADV, ROOM_ADV
samoten __ Adv __ x __ på samme måte __ samoin __ in the same way __ MJ4 __ ACTION_ADV, MOVEMENT_ADV
senthään __ Adv __ x __ likevel __ sentään __ after all __ MJ1 __ ACTION_ADV, MOVEMENT_ADV
sikkaristi __ Adv __ x __ sikkert __ varmasti __ certainly __ MJ2 __ SOUP_ADV
silloin __ Adv __ x __ da __ silloin __ by then __ MJ3 __ TIME_ADV
sitte __ Adv __ x __ da, så,siden __ sitten __ then __ MJ1 __ TIME_ADV
taas __ Adv __ x __ igjen __ taas __ again __ MJ3 __ TIME_ADV
tietenki __ Adv __ x __ selvsagt, selvfølgelig, så klart __ tietenkin, tietysti __ of course __ MJ1 __ ACTION_ADV, MOVEMENT_ADV 
tođesti __ Adv __ x __ på alvor, alvorlig, bestemt __ todella __ earnestly, seriously __ MJ4 __ ACTION_ADV
tyhä __ Adv __ x __ bare __ vain __ only __ MJ2 __ ACTION_ADV
tääpänä __ Adv __ x __ i dag __ tänään __ today __ MJ1 __ TIME_ADV
ulkona __ Adv __ x __ ute __ ulkona __ outside __ MJ3 __ NATURE_ADV
ushein __ Adv __ x __ ofte __ usein __ often __ MJ1 __ TIME_ADV
vain __ Adv __ x __ bare __ vain __ only __ MJ1 __ ACTION_ADV
varhain __ Adv __ x __ alltid __ aina __ always __ MJ1 __ TIME_ADV
vasta __ Adv __ x __ først, ikke før, nylig __ vasta __ first, not before, recently  __ MJ1 __ ACTION_ADV, MOVEMENT_ADV
vielä __ Adv __ x __ ennå, enda __ vielä __ still, yet __ MJ1 __ ACTION_ADV, MOVEMENT_ADV
viimen __ Adv __ x __ endelig, til slutt, sist __ viimein,lopulta, viimeksi __ finally, last __ MJ4 __ TIME_ADV 
vähän __ Adv __ x __ litt, lite __ vähän __ a little, some __ MJ2 __ FINANCE_ADV, FOOD_ADV
vähäsen __ Adv __ x __ litt, lite __ vähän __ a little, some __ MJ3 __ FINANCE_ADV, FOOD_ADV 
väärin __ Adv __ x __ feil, galt __ väärin __ wrong __ MJ1 __ PEOPLE_ADV
yhđessä __ Adv __ x __ sammen __ yhdessä __ together __ MJ3 __ PEOPLE_ADV

FRASER
hyvin se mennee __ MWE __ x __ det går bra __ kuuluu hyvää __ fine, thanks __ MJ1 __ EXPRESSIONS
kunka se mennee __ MWE __ x __ hvordan går det __ mitä kuuluu __ how are you __ MJ1 __ EXPRESSIONS
kunka paljon se tekkee __ MWE __ x __ hvor mye koster det? -- mitä se maksaa? __ MJ2 __ EXPRESSIONS

VERB 5 - 10  (HUOM! vain 9 asti piti olla!!!!) 
aikkoot __ V __ v2 __ tenke, ha mening’  __ aikoa __ think, have in mind __ MJ8 __ HUMAN_V
alkkaat __ V __ v2 __ begynne __ alkaa __ begin __ MJ6 __ TIME_V
aueta 5 __ V __ v43odd __ åpne seg __ aueta __ open __ MJ5 __ NATURE_V
freistata __ V __ v43odd __ prøve __ kokeilla __ try __ MJ6 __ HUMAN_V, AUX_V
henkkaat __ V __ v2 __ henge __ riippua __ hang __ MJ8 __ XXX
herätä __ V __ v43odd __ våkne __ herätä __ wake up __ MJ6 __ HUMAN_V 
hihtaat __ V __ v2 __ gå på ski __ hiihtää __ ski __ MJ7 __ MOVEMENT_V, NATURE_V
hoksata __ V __ v43odd __ komme på, finne ut __ hoksata, huomata __ find out, notice __ MJ7 __ HUMAN_V 
huokaista __ V __ v3ise __ sukke __ huokaista __ sigh __ MJ6 __ HUMAN_V 
???viippyyt __ V __ v2 __ drøye, bli lenge, forbli __ viipyä __ stay, remain, make something last __ MJ8 __ HUMAN_V
kađota __ V __ v43odd __ forsvinne __ kadota __ disappear __ MJ5 __ ACTION_V
kattella __ V __ v3ele __ se på __ katsella __ watch, look at __ MJ5 __ HUMAN_V
kaupata __ V __ v43odd __ drive handel, shoppe __ käydä ostoksilla __ shop, go shopping __ MJ8 __ HUMAN_V, SHOP_V 
kuuluut __ V __ v2 __ høres, høre til __ kuulua __ sound, belong to __ MJ6 __ HUMAN_V
kävelä __ V __ v3ele __ gå til fots, ferdes __ kävellä __ walk __ MJ8 __ MOVEMENT_V
käyđä __ V __ v1 __ gå, ta en tur, besøke __ käydä __ visit __ MJ7 __ MOVEMENT_V
käyttäät __ V __ v2 __ bruke __ käyttää __ use __ MJ8 __ ACTION_V
laittaat __ V __ v2 __ lage, gjøre __ laittaa __ make __ MJ7 __ HUMAN_V
laukkoot __ V __ v2 __ løpe, springe __ juosta __ run __ MJ7 __ HUMAN_V
luvata __ V __ v43odd __ love, gi lov __ luvata __ promise __ MJ7 __ HUMAN_V
löyttäät __ V __ v2 __ finne __ löytää __ find __ MJ8 __ HUMAN_V
löyttyyt __ V __ v2 __ finnes __ löytyä __ exist __ MJ8 __ SHOP_V
maata __ V __ v43odd __ ligge __ maata __ lie __ MJ5 __ HUMAN_V 
mutista __ V __ v3 __ mumle __ mutista __ mutter __ MJ7 __ HUMAN_V
myönttyyt __ V __ v2 __ samtykke, gi etter __ myöntyä __ agree __ MJ6 __ HUMAN_V
nukkuut __ V __ v2 __ sove __ nukkua __ sleep __ MJ6 __ HUMAN_V
näkkyyt __ V __ v2 __ synes,være synlig, se ut til __ näkyä __ appear, to be visible __ MJ5 __ HUMAN_V
ostaat __ V __ v2 __ kjøpe __ ostaa __ buy __ MJ7 __ HUMAN_V
pröövätä __ V __ v43odd __ prøve __ kokeilla __ try __ MJ8 __ HUMAN_V
puđistaat __ V __ v2 __ riste __ pudistaa __ shake __ MJ8 __ HUMAN_V
päästä __ V __ v3ise __ slippe til, komme fram til, bli fri fra noe __ päästä __ manage to get into or out of something, be set fri __ MJ5 __ MOVEMENT_V, AUX_V 
pölästyyt __ V __ v2 __ bli skremt __ pelästyä __ be scared __ MJ5 __ HUMAN_V
reisata __ V __ v43odd __ reise __ matkustaa __ travel __ MJ7 __ HUMAN_V
rinkastaat __ V __ v2 __ ringe __ soittaa __ call __ MJ6 __ HUMAN_V
soittaat __ V __ v2 __ spille __ soittaa __ play music __ MJ7 __ HUMAN_V 
taajoot __ V __ v2 __ tulle __ höpötä, hulluttele __ be silly __ MJ8 __ HUMAN_V
tahtoot __ V __ v2 __ ville, ønske __ tahtoa __ want, wish __ MJ8 __ HUMAN_V
tapattuut __ V __ v2 __ hende, skje __ tapahtua __ happen __ MJ7 __ HUMAN_V
tuula __ V __ v3eleshort __ blåse __ tuulla __ blow, be windy __ MJ5 __ HUMAN_V
unistella __ V __ v3ele __ drømme __ nähdä unta __ dream __ MJ5 __ HUMAN_V

Kappaleet 5-9 adjektiivit
harmaaja __ A __ a22odd __ grå __ harmaa __ grey __ MJ5 __ COLOUR_A, CLOTHES_A
korkkee __ A __ a23 __ høy __ korkea __ high __ MJ5 __ BUILDING_A
kummalinen __ A __ a42 __ underlig __ kummallinen __ strange, odd __ MJ5 __ HUMAN_A
matala __ A __ a22odd __ lav __ matala __ low __ MJ5 __ BUILDING_A
opas __ A __ a33s __ kjent med noe __ tuttu __ familiar __ MJ5 __ HUMAN_A
syvä __ A __ a21 __ dyp __ syvä __ deep __ MJ35 __ NATURE_A
valkkee __ A __ a23 __ hvit __ valkoinen __ white __ MJ5 __ COLOUR_A,CLOTHES_A
valmis __ A __ a33si __ ferdig __ vamis __ ready __ MJ5 __ HUMAN_A
vanhaa __ A __ ax __ gammel __ vanha __ old __ MJ5 __ HUMAN_A
vieras __ A __ a33s __ fremmed __ vieras __ foreign, unfamiliar __ MJ5 __ HUMAN_A
alattiolainen __ A __ a42 __ altaværing __ alattiolainen __ a person from Alta __ MJ7 __ HUMAN_A
historialinen __ A __ a42 __ historisk __ historiallinen __ historic, historical __ MJ7 __ ABSTRACT_A
kamala __ A __ a22odd __ forferdelig __ kamala __ terrible, awful __ MJ7 __ HUMAN_A
minkälainen __ A __ a42 __ hvordan, hva slags __ minkälainen, millainen __ how, like what __ MJ7 __ ABSTRACT_A
parempi __ A __ ax __ bedre __ parempi __ better __ MJ7 __ CLOTHES_A, ABSTRACT_A
seuraava __ A __ a22odd __ neste __ seuraavaa __ next __ MJ7 __ ABSTRACT_A
tärkkee __ A __ a23 __ viktig __ tärkeä __ important __ MJ7 __ ABSTRACT_A, HUMAN_A
ylppee __ A __ a23 __ stolt __ ylpeä __ proud __ MJ7 __ HUMAN_A
halpa __ A __ a21 __ billig __ halpa __ cheap __ MJ8 __ CLOTHES_A
kappee __ A __ a23 __ smal __ kapea __ small close, narrow __ MJ8 __ CLOTHES_A
lyhykäinen __ A __ a42 __ kort __ lyhyt __ short __ MJ8 __ CLOTHES_A, HUMAN_A
oikkee __ A __ a23 __ riktig, høyre __ oikea __ correct,right __ MJ8 __ ABSTRACT_A
oranssi __ A __ a22odd __ oransje __ oranssi __ orange __ MJ8 __ COLOUR_A, CLOTHES_A
passeli __ A __ a22odd __ passende __ sopiva __ suitable __ MJ8 __ CLOTHES_A
pruuni __ A __ a21 __ brun __ ruskea __ brown __ MJ8 __  COLOUR_A, CLOTHES_A
punainen __ A __ a42odd __ rød __ punainen __ red __ MJ8 __ COLOUR_A, CLOTHES_A
keltainen __ A __ a42odd __ gul __ keltainen __ yellow __ MJ8 __ COLOUR_A, CLOTHES_A
sievä __ A __ a21 __ nett, søt __ sievä __ pretty, sweet __ MJ8 __ HUMAN_A, CLOTHES_A
sininen __ A __ a42odd __ blå __ sininen __ blue __ MJ8 __ COLOUR_A, CLOTHES_A
uusi __ A __ a31si __ ny __ uusi __ new __ MJ8 __ CLOTHES_A, ABSTRACT_A
vihrinen __ A __ a42odd __ grønn __ vihreä _ green __ MJ8 __ COLOUR_A, CLOTHES_A
Kappaleet 5 - 9 adverbit
ulos __ Adv __ ut __ ulos __ out __ MJ5 __ MOVEMENT_ADV
ympärille __ Adv __ rundt, omkring __ ympärille __ round, around, about __ MJ5 __ PEOPLE_ADV,BUILDING_ADV
välissä __ Adv __ mellom __ välissä __ between __ MJ5 __ BUILDING_ADV, PEOPLE_ADV
kohta __ Adv __ snart, straks __ kohta __ soon __ MJ5 __ TIME_ADV
käsin __ Adv __ i retning av, for hånd __ päin, käsin __ towards, by hand __ MJ5 __ MOVEMENT_ADV
melkhein __ Adv __ nesten, temmelig, ganske __ melkein __ nearly, almost __ MJ5 __ TIME_ADV
ei olheen __ MWE __ ikke i det hele tatt __ ei ollenkaan __ not at all __ MJ5 __ ABSTRACT_ADV
samassa __ Adv __ med en gang, i det samme, samtidig __ samassa, yhtä aikaa __ at once, at the very moment,at the same time __ MJ5 __ TIME_ADV
sisäle __ Adv __ inn, inn i __ sisälle __ in __ MJ5 __ BUILDING_ADV
uloskäsin __ Adv __ lengere ut __ kauempana __ farther away __ MJ5 __ NATURE_ADV, BUILDING_ADV
ei kuitenkhaan __ MWE __ likevel ikke, i hvert fall ikke __ ei kuitenkaan __ not anyway __ MJ6 __ ABSTRACT_ADV
pitkhään __ Adv __ lenge __ pitkään, kauan __ a long time __ MJ6 __ TIME_ADV
ylös __ Adv __ opp __ ylös __ up __ MJ7 __ BUILDING_ADV
eđessä __ Po __ foran __ edessä __ in front of __ MJ7 __ BUILDING_ADV
jälkhiin __ Adv __ etter, etterpå, senere __ jälkeen __ after __ MJ7 __ PEOPLE_ADV
tykönä __ Po __ hos __ luona __ at, with __ MJ7 __ PEOPLE_ADV
hopusti __ Adv __ fort, i full fart __ nopeasti __ quickly __ MJ7 __ PEOPLE_ADV
kauvoin __ Adv __ lenge __ kauan __ long, a long time __ MJ7 __ TIME_ADV
kothiin __ Adv __ hjem __ kotiin __ home __ MJ7 __ MOVEMENT_ADV
kuulemin __ Adv __ på gjensyn __ kuulemiin __ good by __ MJ7 __ PEOPLE_ADV
paremin __ Adv __ bedre __ paremmin __ better __ MJ7 __ PEOPLE_ADV
siis __ Adv __ altså __ siis __ so __ MJ7 __ ABSTRACT_ADV
takaisin __ Adv __ tilbake __ takaisin __ back __ MJ7 __ MOVEMENT_ADV
ennen __ Adv __ før, tidligere __ ennen __ before __ MJ8 __ TIME_ADV
nokko __ Adv __ nok __ tarpeeksi __ enough __ MJ8 __ PEOPLE_ADV
nyt __ Adv __ nå __ nyt __ now __ MJ8 __ TIME_ADV

Sanat 9 - 14

hammas __ N __ n33s __ tann __ hammas __ tooth __ MJ9 __ BODYPART
hamppu __ N __ n21 __ hamp __ hamppu __ hemp __ MJ9 __ THING
hykset __ N __ n41pl __ hår __ hiukset __ hair __ MJ9 __ BODYPART_PL
ihmet __ N __ n21 __ under __ ihme __ wonder __ MJ9 __ ABSTRACT
jalkapallo __ N __ n21 __ fotball __ jalkapallo __ football __ MJ9 __ THING
katu __ N __ n21 __ gate __ katu __ street __ MJ9 __ NATURE
kaula __ N __ n21 __ hals __ kaula __ neck __ MJ9 __ BODYPART
kauppa __ N __ n21 __ butikk __ kauppa __ shop __ MJ9 __ SHOP
korva __ N __ n21 __ øre __ korva __ ear __ MJ9 __ BODYPART
kranttu __ A __ a21 __ nøye, var, kresen __ tarkka, valikoiva __ selective, pedantic, particular __ MJ9 __ HUMAN_A
kumara __ A __ a22odd __ kroket, krøkt __ kumara __ hunch, bent, crooked __ MJ9 __ HUMAN_A
käsi __ N __ n31si __ hånd __ käsi __ hand __ MJ9 __ BODYPART
leuka __ N __ n21 __ hake __ leuka __ chin __ MJ9 __ BODYPART
naama __ N __ n21 __ ansikt __ kasvot, naama __ face __ MJ9 __ BODYPART
nenä __ N __ n21 __ nese __ nenä __ nose __ MJ9 __ BODYPART
netti __ N __ n21 __ Internett __ netti __ Internett __ MJ9 __ TEXT_OTHER
onneton __ A __ a43odd __ ulykkelig __ onneton __ unhappy __ MJ9 __ HUMAN_A
paha __ A __ a21 __ ond, dårlig __ paha __ bad __ MJ9 __ HUMAN_A, ABSTRACT_A
paita __ N __ n21 __ skjorte __ paita __ shirt __ MJ9 __ CLOTHING
pakka __ N __ n21 __ pakke __ paketti __ package __ MJ9 __ THING, CONTAINER
peili __ N __ n21 __ speil __ peili __ mirror  __ MJ9 __ ROOM_OTHER
polli __ N __ n21 __ bolle __ pulla __ bun __ MJ9 __ FOOD_DISH
poski __ N __ n21ie __ kinn __ poski __ cheek __ MJ9 __ BODYPART
prikku __ N __ n21 __ prikk, flekk __ pilkku, tahra __ prick, stain __ MJ9 __ BODYPART, CLOTHING_OTHER
pussi __ N __ n21 __ pose __ pussi __ bag __ MJ9 __ CONTAINER
reisi __ N __ n21ie __ lår __ reisi __ thigh __ MJ9 __ BODYPART
rinta __ N __ n21 __ bryst __ rinta __ breast, chest __ MJ9 __ BODYPART
ruma __ A __ a21 __ stygg __ ruma __ ugly __ MJ9 __ HUMAN_A
sika __ N __ n21 __ gris __ sika __ pig __ MJ9 __ ANIMAL_DOM
silmä __ N __ n21 __ øye __ silmä __ eye __ MJ9 __ BODYPART
suu __ N __ n1 __ munn __ suu __ mouth __ MJ9 __ BODYPART
sölkä __ N __ n21 __ rygg __ selkä __ back __ MJ9 __ BODYPART
vatta __ N __ n21 __ mage __ vatsa __ stomach __ MJ9 __ BODYPART
haukkuut __ V __ v2 __ bjeffe, bebreide, klage __ haukkua __ bark, blame, criticise __ MJ9 __ VERBAL_V
perustaat __ V __ v2 __ bry seg om __ välittää __ care about something __ MJ9 __ HUMAN_V 
pilkata __ V __ v43odd __ spotte, håne, gjøre narr av __ pilkata __ mock __ MJ9 __ HUMAN_V
helppo __ A __ a21 __ lett __ helppo __ easy __ MJ9 __ ABSTRACT_A, EXPERIENCE_A
suuri __ A __ a31 __ stor __ suuri __ large, big __ MJ9 __ CLOTHES_A
tyyhä __ A __ a21 __ tom __ tyhjä __ empty __ MJ9 __ ABSTRACT_A
tyyris __ A __ a33si __ dyr __ kallis __ expencive __ MJ9 __ CLOTHES_A
äkkii __ Adv __ fort, i full fart __ äkkiä __ quickly __ MJ9 __ TIME_ADV, PEOPLE_ADV

dilli __ N __ n21 __ dill __ tilli __ dill __ MJ10 __ FOOD_OTHER
fati __ N __ n21 __ fat __ vati __ plate __ MJ10 __ KITCHEN
frisyyri __ N __ n22odd __ frisyre __ kampaus __ hairstyle __ MJ10 __ THING
fryysi __ N __ n21 __ fryseboks __ pakastin __ freezer __ MJ10 __ KITCHEN
haiju __ N __ n21 __ lukt __ haju __ smell __ MJ10 __ PERCEPTION 
herraväki __ N __ n21 __ herskap __ herrasväki __ gentry __ MJ10 __ PEOPLE
hilla __ N __ n21 __ molte __ hilla __ cloudberry __ MJ10 __ FOOD_BERRY
hyysikkä __ N __ n22odd __ do __ vessa __ toilet __ MJ10 __ ROOM
höystö __ N __ n21 __ krydder __ mauste __ spice __ MJ10 __ KITCHEN_OTHER
juoma __ N __ n21 __ drikk __ juoma __ drink __ MJ10 __ DRINK
juusto __ N __ n21 __ ost __ juusto __ cheese __ MJ10 __ FOOD_GROCERY
jääkaappi __ N __ n21 __ kjøleskap __ jääkaappi __ fridge __ MJ10 __ KITCHEN
kaffijuusto __ N __ n21 __ kaffeost __ kahvijuusto __ coffee cheese __ MJ10 __ FOOD_OTHER
kanki __ N __ n21 __ gang __ eteinen __ entré __ MJ10 __ ROOM
kauppareissu __ N __ n21 __ handletur,tur til butikken __ kauppareissu __ a trip to the shop __ MJ10 __ ROAD
kukka __ N __ n21 __ blomster __ kukka __ flower __ MJ10 __ PLANT
kylrötteri __ N __ n22odd __ gulrot __ porkkana __ carrot __ MJ10 __ FOOD_GROCERY
köökki __ N __ n21 __ kjøkken __ keittiö __ kitchen __ MJ10 __ ROOM
laakerilehti __ N __ n21ie __ læurbærblad __ laakerinlehti __ bay leaf __ MJ10 __ FOOD_OTHER
leipä __ N __ n21 __ brød __ leipä __ bread __ MJ10 __ FOOD_GROCERY
leipäfati __ N __ n21 __ brødfat __ leipälautanen __ bread plate __ MJ10 __ KITCHEN
liitteri __ N __ n22odd __ liter __ litra __ litre __ MJ10 __ KITCHEN
lusikka __ N __ n22oi __ skje, skei __ lusikka __ spoon __ MJ10 __ KITCHEN
lööki __ N __ n21 __ løk __ sipuli __ onion __ MJ10 __ FOOD_GROCERY
margariini __ N __ n22 __ margarin __ margariini __ margarine __ MJ10 __ FOOD_GROCERY
ovikello __ N __ n21 __ dørklokke __ ovikello __ door bell __ MJ10 __ ROOM_OTHER
pippuri __ N __ n22odd __ pepper __ pippuri __ pepper __ MJ10 __ FOOD_GROCERY
porstuu __ N __ n23 __ gang __ eteinen __ entré __ MJ10 __ ROOM
purjolööki __ N __ n21 __ purreløk __ purjosipuli __ leek __ MJ10 __ FOOD_GROCERY
puteetti __ N __ n22odd __ potet __ peruna __ potato __ MJ10 __ FOOD_GROCERY
pääassii __ N __ n23ii __ hovedsak __ pääasia __ main thing __ MJ10 __ ABSTRACT
päälysruoka __ N __ n21 __ dessert __ jälkiruoka __ dessert __ MJ10 __ FOOD_DISH
saita __ N __ n21 __ sei __ seiti __ saithe, coalfish __ MJ10 __ FOOD_GROCERY, ANIMAL_SALTFISH
suola __ N __ n21 __ salt __ suola __ salt __ MJ10 __ FOOD_GROCERY
talriikki __ N __ n22odd __ tallerk __ lautanen __ plate __ MJ10 __ KITCHEN
tooli __ N __ n21 __ stol __ tuoli __ stool __ MJ10 __ ROOM_OTHER
tupa __ N __ n21 __ hus, stue __ tupa __ cottage, living room __ MJ10 __ BUILDING, ROOM
veitti __ N __ n21ie __ kniv __ veitsi __ knife __ MJ10 __ KITCHEN
velli __ N __ n21 __ suppe, velling __ keitto, velli __ soup __ MJ10 __ FOOD_DISH
vesi __ N __ n31si __ vann __ vesi __ water __ MJ10 __ DRINK
vesimuki __ N __ n21 __ vannmugg __ vesimuki __ water mug __ MJ10 __ KITCHEN
voi __ N __ n1 __ smør __ voi __ butter __ MJ10 __ FOOD_GROCERY
aukaista __ V __ v3ise __ åpne __ aukaista __ open __ MJ10 __ HUMAN_V
auttaat __ V __ v2 __ hjelpe __ auttaa __ help __ MJ10 __ HUMAN_V 
henkastaat __ V __ v2 __ henge __ ripustaa __ hang __ MJ10 __ HUMAN_V
häärätä __ V __ v43odd __ styre, ståke __ häärätä __ bustle __ MJ10 __ HUMAN_V
jähtyyt __ V __ v2 __ kjølne, bli kald __ jäähtyä __ cool __ MJ10 __ HUMAN_V
keittäät __ V __ v2 __ koke __ keittää __ cook __ MJ10 __ HUMAN_V
pestä __ V __ v3ele __ vaske __ pestä __ wash __ MJ10 __ HUMAN_V
plokata __ V __ v43odd __ plukke __ poimia, kerätä __ pick, gather __ MJ10 __ HUMAN_V
riissuut __ V __ v2 __ kle av __ riisua __ undress __ MJ10 __ HUMAN_V
unheettaat __ V __ v2 __ glemme __ unohtaa __ forget __ MJ10 __ HUMAN_V
summastaat  __ V __ v2 __ kysse __ suudella __ kiss __ MJ11 __ HUMAN_V 
viskutella  __ V __ v3ele __ hviske __ kuiskata __ whisper __ MJ11 __ VERBAL_V
anssoot __ V __ v2 __ sette opp felle __ asettaa ansoja __ ?? __ MJ12 __ NATURE_V
friiata __ V __ v43odd __ ha følge med, fri til __ seurustella, kosia __ help __ MJ12 __ HUMAN_V
hävittäät __ V __ v2 __ ødelegge __ hävittää __ ruin, destroy __ MJ12 __ HUMAN_V, OBJECT_V
kaivata __ V __ v43odd __ savne __ kaivata __ miss __ MJ12 __ HUMAN_V
kielttäät __ V __ v2 __ nekte __ kieltää __ refuse, deny __ MJ12 __ VERBAL_V
korjata __ V __ v43odd __ ta vare på, samle inn, ta i bevaring, reparere, forbedre, rydde __ korjata, ottaa talten __ take care of, repair, tidy up __ MJ12 __ HUMAN_V
naiđa __ V __ v1 __ gifte seg __ mennä naimisiin __ marry __ MJ12 __ HUMAN_V
nauraat __ V __ v2 __ flire, le __ nauraa __ laugh __ MJ12 __ HUMAN_V
painaat __ V __ v2 __ trykke __ painaa __ press __ MJ12 __ BODY_V
pajeta __ V __ v4 __ rømme, flykte __ paeta __ escape, run away __ MJ12 __ HUMAN_V
polttaat __ V __ v2 __ brenne __ polttaa __ burn __ MJ12 __ HUMAN_V, OBJECT_V
pölätä __ V __ v43odd __ være redd __ pelätä __ to be afraid __ MJ12 __ EXPERIENCE_V
rakastaat __ V __ v2 __ elske __ rakastaa __ love __ MJ12 __ HUMAN_V
sammuttaat __ V __ v2 __ slukke __ sammuttaa __ put out, extinguish, turn off, switch off __ MJ12 __ HUMAN_V, OBJECT_V
vaihettaat __ V __ v2 __ bytte, skifte __ vaihtaa __ exchange,  __ MJ12 __ HUMAN_V
vieđä __ V __ v1 __ bringe, føre, lede, ta med seg  __ viedä __ bring, get, fetch __ MJ12 __ HUMAN_V
vettäät __ V __ v2 __ dra, trekke __ vetää __ draw __ MJ12 __ HUMAN_V
vihata __ V __ v43odd __ hate __ vihata __ hate __ MJ12 __ HUMAN_V
jääđä __ V __ v1 __ bli igjen, forbli  __ jäädä __ remain, stay __ MJ13 __ HUMAN_V
loppuuut __ V __ v2 __ slutte, ta slutt __ loppua __ end, terminate, finish __ MJ13 __ HUMAN_V
oppiit __ V __ v2 __ lære __ oppia __ learn __ MJ13 __ HUMAN_V
puristaat __ V __ v2 __ presse __ puristaa __ press __ MJ13 __ HUMAN_V
siirttyyt __ V __ v2 __ flytte __ siirtyä __ move __ MJ13 __ MOVEMENT_V
tansata __ V __ v43odd __ danse __ tanssia __ dance __ MJ13 __ HUMAN_V
tilata __ V __ v43odd __ bestille __ tilata __ order __ MJ13 __ HUMAN_V
työtelä __ V __ v3ele __ arbeide __ tehdä työtä, työskennellä __ work __ MJ13 __ HUMAN_V
ymmärttäät  __ V __ v2 __ forstå __ ymmärtää __ understand __ MJ13 __ HUMAN_V
elläät  __ V __ v2 __ leve __ elää __ live __ MJ14 __ HUMAN_V
eppäilä  __ V __ v3ele __ tvile __ epäillä __ doubt __ MJ14 __ HUMAN_V
hourata  __ V __ v43odd __ tulle __ höpsiä, höpöttää __ be silly __ MJ14 __ VERBAL_V
konsentreerata  __ V __ v43odd __ konsentrere __ keskittyä __ concentrate __ MJ14 __ HUMAN_V
kuttuut  __ V __ v2 __ invitere, be om å komme __ kutsua __ invite __ MJ14 __ HUMAN_V
lisätä  __ V __ v43odd __ tilsette, føye til, øke, ha mer __ lisätä __ increase, add __ MJ14 __ HUMAN_V, VERBAL_V
syklata  __ V __ v43odd __ sykle __ pyöräillä __ cycle __ MJ14 __ MOVEMENT_V
uskoot __ V __ v2 __ tro __ uskoa __ believe __ MJ14 __ HUMAN_V
vaatettiit  __ V __ v2 __ kle på seg __ pukeutua __ dress, put cloths on __ MJ14 __ HUMAN_V
viittiit  __ V __ v2 __ orke, gidde __ viitsiä __ be able to, be bothered to do something __ MJ14 __ HUMAN_V, AUX_V
pykätä __ V __ v43odd __ bygge __ rakentaa __ build __ MJ11 __ HUMAN_V

asumapari __ N __ n21 __ samboer __ avopuoliso __ partner __ MJ11 __ FAMILY
daattamasiini __ N __ n22odd __ datamaskin __ tietokone __ computer __ MJ11 __ TOOL
eno __ N __ n21 __ onkel __ eno __ uncle __ MJ11 __ FAMILY
kaappi __ N __ n21 __ skap __ kaappi __ cupbord __ MJ11 __ KITCHEN
kaffikattila __ N __ n22oi __ kaffekjele __ kahvipannu __ coffee kettle __ MJ11 __ KITCHEN
kattila __ N __ n22oi __ kjele __ kattila __ kettle __ MJ11 __ KITCHEN
kattilakahvi __ N __ n21 __ pannekaffe __ pannukahvi __ coffee __ MJ11 __ DRINK 
kototalo __ N __ n21 __ barndomshjem __ kotitalo __ parents´home __ MJ11 __ BUILDING
kranni __ N __ n21 __ nabo __ naapuri __ neighbour __ MJ11 __ FAMILY
kvartti __ N __ n21 __ kvarter __ vartti __ fifteen minutes __ MJ11 __ TIME
lapsi __ N __ n31lapsi __ barn __ lapsi __ child __ MJ11 __ FAMILY
maa __ N __ n1 __ jord, land __ maa __ ground, land __ MJ11 __ NATURE
maapala __ N __ n21 __ jordstykke __ maapala __ plot, parcel of land __ MJ11 __ NATURE
mieli __ N __ n21ie __ mening, humør __ mieli __ meaning, temper __ MJ11 __ ABSTRACT, FEELING
mies __ N __ n31mies __ mann __ mies __ man __ MJ5, MJ11 __ PEOPLE
nepu __ N __ n21 __ søskenbarn __ serkku __ cousin __ MJ11 __ FAMILY
nojatooli __ N __ n21 __ lenestol __ nojatuoli __ armchair __ MJ11 __ ROOM_OTHER
peret __ N __ n33t __ familie __ perhe __ family __ MJ11 __ FAMILY
seinä __ N __ n21 __ vegg __ seinä __ wall __ MJ11 __ ROOM_PART
suku __ N __ n21 __ slekt __ suku __ family, relatives __ MJ11 __ FAMILY
syntymämerkki __ N __ n21 __ fødselsmerke __ syntymämerkki __ birthmark __ MJ11 __ BODYPART
särmi __ N __ n21 __ skjerm __ valkokangas __ screen __ MJ11 __ THING
talo __ N __ n21 __ gård, hus __ maatila, maatalo __ farming house __ MJ11 __ BUILDING
tomppeli __ N __ n22odd __ dumrian, tosk __ tomppeli __ fool __ MJ11 __ PEOPLE
tupapöytä __ N __ n21 __ stuebord __ pöytä __ table __ MJ11 __ ROOM_OTHER
täti __ N __ n21 __ tante __ täti __ aunt __ MJ11 __ FAMILY
vanhapoika __ N __ n21 __ ungkar __ vanhapoika __ bachelor __ MJ11 __ PEOPLE

kaffikuppi __ N __ n21 __ kaffekopp __ kahvikuppi __ coffee cup __ MJ12 __ KITCHEN
kerta __ N __ n21 __ gang __ kerta __ once __ MJ12 __ TIME 
kläppi __ N __ n21 __ barn __ lapsi __ child __ MJ12 __ FAMILY
koulu __ N __ n21 __ skole __ koulu __ school __ MJ12 __ SCHOOL, BUILDING
kroppi __ N __ n21 __ kropp __ vartalo __ body __ MJ12 __ BODYPART
lehti __ N __ n21ie __ blad __ lehti __ leaf __ MJ12 __ PLANT
lintu __ N __ n21 __ fugl __ lintu __ bird __ MJ12 __ BIRD
maito __ N __ n21 __ melk __ maito __ milk __ MJ2, MJ12 __ DRINK
marja __ N __ n21 __ bær __ marja __ berry __ MJ12 __ FOOD_OTHER
mustikka __ N __ n22oi __ blåbær __ mustikka __ blueberry __ MJ12 __ FOOD_BERRY
nasunaliteetti __ N __ n21 __ nasjonalitet __ kansallisuus __ nationality __ MJ12 __ PEOPLE_OTHER
näkö __ N __ n21 __ lys, syn __ valo, näkö __ light __ MJ12 __ ROOM_OTHER
paati __ N __ n21 __ baderom __ kylpyhuone __ bathroom __ MJ12 __ ROOM
puola __ N __ n21 __ tyttebær __ puolukka __ cowberry __ MJ12 __ FOOD_OTHER, PLANT
pyssyjokilainen __ N __ n42 __ børselvværing __ pyssyjokilainen __ a person from Pyssyjoki __ MJ12 __ PEOPLE
päänalainen __ N __ n42odd __ pute __ tyyny __ pillow __ MJ12 __ ROOM_OTHER
pöllö __ N __ n21 __ ugle __ pöllö __ owl __ MJ12 __ BIRD
rakkhaus __ N __ n32s __ kjærlighet __ rakkaus __ love __ MJ12 __ FEELING
rauha __ N __ n21 __ fred __ rauha __ peace __ MJ12 __ ABSTRACT
sota __ N __ n21 __ krig __ sota __ war __ MJ12 __ ACTION
sotamies __ N __ n31mies __ soldat __ sotilas __ solder __ MJ12 __ PROFESSION
tyskäläinen __ N __ n42 __ tysker __ saksalainen __ German __ MJ12 __ PEOPLE
tyyny __ N __ n21 __ pute __ tyyny __ pillow __ MJ12 __ ROOM_OTHER
uni __ N __ n21ie __ drøm __ uni __ dream __ MJ12 __ ABSTRACT
viholinen __ N __ n42 __ fiende __ vihollinen __ enimy __ MJ12 __ PEOPLE
yö __ N __ n1 __ natt __ yö __ night __ MJ12 __ TIME
yöpaita __ N __ n21 __ nattdrakt __ yöpaita __ onion __ MJ12 __ CLOTHING
yöpöytä __ N __ n21 __ nattbord __ yöpöytä __ night table __ MJ12 __ CLOTHING

avvain __ N __ n32m __ nøkkel __ avain __ key __ MJ13 __ TOOL
englanti __ N __ n21 __ engelsk __ englanti __ English language __ GK1, MJ13 __ LANGUAGE
isovanhiimet __ N __ nx __ besteforeldre __ isovanhemmat __ grand parents __ MJ13 __ FAMILY
kalafaprikki __ N __ n22odd __ fiskefabrikk __ kalatehdas __ fish factory __ MJ13 __ BUILDING
kansankorkkeekoulu __ N __ n21 __ folkehøyskole __ kansankorkeakoulu __ folk university college __ MJ13 __ SCHOOL
kulta __ N __ n21 __ kjære __ kulta __ darling __ MJ13 __ FAMILY
kumppani __ N __ n22odd __ kamerat __ kumppani __ friend __ MJ13 __ FAMILY
laattii __ N __ n23ii __ gulv __ lattia __ floor __ MJ13 __ ROOM_PART
maailma __ N __ n21 __ verden __ maailma __ world __ MJ13 __ NATURE
mailma __ N __ n21 __ verden __ maailma __ world __ MJ13 __ NATURE
musikki __ N __ n22odd __ musikk __ musiikki __ music __ MJ13 __ SOUND 
norja __ N __ n21 __ norsk __ norja __ Norwegian language __ GK1, MJ13 __ LANGUAGE
opetus __ N __ n41 __ undervisning __ opetus __ teaching __ MJ13 __ EDUCATION
orkesteri __ N __ n22 __ orkester __ orkesteri __ orchestra __ MJ13 __ SOUND
rakastettu __ N __ nx __ kjæreste __ tyttö-/poikaystävä __ girl-/boyfriend __ MJ13 __ FAMILY
ruija __ N __ n21 __ norsk __ norja __ Norwegian language __ GK1, MJ13 __ LANGUAGE
ruijalainen __ N __ n42 __ nordmann __ norjalainen __ Norwegian __ GK1, MJ13 __ PEOPLE
ruotti __ N __ n21 __ svensk __ ruotsi __ Swedish language __ GK1, MJ13 __ LANGUAGE
saame __ N __ n21 __ samisk __ saame __ Sami language __ GK1, MJ13 __ LANGUAGE
saksa __ N __ n21 __ tysk __ saksa __ German language __ GK1, MJ13 __ LANGUAGE
servitööri __ N __ n21 __ servitør __ tarjoilija __ waiter, waitress __ MJ13 __ PROFESSION
svingi __ N __ n21 __ sving __ sving __ swing __ MJ13 __ ACTION
tango __ N __ n21 __ tango __ tango __ tango __ MJ13 __ ACTION
tansimusikki __ N __ n22odd __ dansemusikk __ tanssimusiikki __ dance music __ MJ13 __ SOUND
tanska __ N __ n21 __ dansk __ tanska __ Danish language __ GK1, MJ13 __ LANGUAGE
vanhiimet __ N __ nx __ foreldre __ vanhemmat __ parents __ MJ13 __ FAMILY
venäjä __ N __ n21 __ russisk __ venäjä __ Russian language __ GK1, MJ13 __ LANGUAGE
viikko __ N __ n21 __ uke __ viikko __ week __ MJ13 __ TIME
yöelämä __ N __ n22odd __ nattliv __ yöelämä __ night life __ MJ13 __ ABSTRACT

aikamasiini __ N __ n22odd __ tidsmaskin __ aikakone __ time machine __ MJ14 __ VEHICLE
aikamatka __ N __ n21 __ tidsreise __ aikamatka __ time travel __ MJ14 __ TRAVELLING
aviisi __ N __ n22odd __ avis __ sanomalehti __ newspaper __ MJ14 __ TEXT
ehđotus __ N __ n41 __ forslag __ ehdotus __ suggestion __ MJ14 __ THOUGHT 
elämä __ N __ n22odd __ liv __ elämä __ life __ MJ14 __ ABSTRACT
huoli __ N __ n21ie __ bekymring __ huoli __ concern __ MJ14 __ ABSTRACT
idee __ N __ n23 __ idé __ idea __ idea __ MJ14 __ ABSTRACT
itä __ N __ n21 __ øst __ itä __ east __ MJ14 __ NATURE
konto __ N __ n21 __ tåke __ sumu __ fog __ MJ14 __ WEATHER
kuva __ N __ n21 __ bilde __ kuva __ picture __ MJ14 __ THING
kysymys __ N __ n41 __ spørsmål __ kysymys __ question __ MJ14 __ ABSTRACT
labyrintti __ N __ n22 __ labyrint __ labyrintti __ labyrinth __ MJ14 __ ROOM
laiva __ N __ n21 __ båt __ vene __ boat __ MJ14 __ VEHICLE
lakki __ N __ n21 __ lue __ lakki __ cap __ MJ14 __ CLOTHING
lappii __ N __ n23ii __ spade __ lapio __ spade __ MJ14 __ THING
masiini __ N __ n22odd __ maskin __ kone __ machine __ MJ14 __ TOOL
materivanhiimet __ N __ nx __ forfedre __ esivanhemmat __ ancestors __ MJ14 __ FAMILY
osa __ N __ n21 __ del, andel __ osa __ part __ MJ14 __ ABSTRACT 
praatti __ N __ n21 __ prat __ keskustelu, puhe __ talk __ MJ14 __ LANGUAGE
praattijoukko __ N __ n21 __ diskusjonsgruppe __ keskusteluryhmä __ discussion group __ MJ14 __ PEOPLE
puhuminen __ N __ n42 __ prat __ puhuminen __ talking __ MJ14 __ LANGUAGE, ACTION
puuro __ N __ n21 __ grøt __ puuro __ porridge __ MJ14 __ FOOD_DISH
ruuttapiili __ N __ n21 __ rutebil __ vuorolinja-auto __ bus, coach __ MJ14 __ VEHICLE
saiti __ N __ n21 __ side __ sivu __ side __ MJ14 __ TEXT_OTHER
sykkeli __ N __ n21 __ sykkel __ pyörä __ cycle __ MJ14 __ VEHICLE
taksi __ N __ n21 __ drosje __ taksi __ taxi __ MJ14 __ VEHICLE
vastaus __ N __ n41 __ svar __ vastaus __ answer __ MJ14 __ ACTION
vehjet __ N __ n33t __ utstyr, greie, innretning  __ vehje __ equipment __ MJ14 __ TOOL
vesta __ N __ n21 __ vest __ länsi __ west __ MJ14 __ NATURE
ystävä __ N __ n22odd __ venn __ ystävä __ friend __ MJ14 __ FAMILY
yöklubi __ N __ n21 __ nattklubb __ yökerho __ night club __ MJ14 __ ROOM
puolele __ Po __ x __ til ens side??? __ puolelle __ to ones side __ MJ10 __ MOVEMENT_ADV 
aivan __ Adv __ x __ aldeles, bare __ aivan, vain __ quite, only __ MJ10 __ ABSTRACT_ADV 
sisälä __ Adv __ x __ inne __ sisällä __ in, inside __ MJ10 __ BUILDING_ROOM_ADV 
varten __ Po __ x __ for __ varten __ for, in favour of __ MJ10 __ SOUP_ADV, HUMAN_ADV 
alapuolela __ Adv __ x __ under __ alapuolella __ under __ MJ11 __ BUILDING_ROOM_ADV 
pörhään __ Po __ x __ etter __ perään __ after __ MJ11 __ MOVEMENT_ADV 
ei koskhaan __ MWE __ x __ aldri __ ei koskaan __ never __ MJ11 __ ABSTRACT_ADV 
kunkas __ Adv __ x __ hvordan, på hvilken måte __ kuinka, miten __ how __ MJ11 __ ACTION_ADV, MOVEMENT_ADV
pareminki __ Adv __ x __ også bedre __ paremminkin __ even better __ MJ11 __ PEOPLE_ADV
täälä __ Adv __ x __ her __ täällä __ here __ MJ11 __ BUILDING_ROOM_ADV
yksin __ Adv __ x __ alene __ yksin __ alone __ MJ11 __ PEOPLE_ADV 
aikana __ Adv __ x __ under, rundt __ aikana, aikoihin __ during __ MJ12 __ TIME_ADV
enniimitten __ Adv __ x __ for det meste __ enimmäkseen __ mostly, mainly __ MJ12 __ ABSTRACT_ADV
illoin __ Adv __ x __ om kveldene __ iltaisin __ in the evenings __ MJ12 __ TIME_ADV
muutoin __ Adv __ x __ ellers __ muuten __ otherwise __ MJ12 __ ABSTRACT_ADV
onneksi __ Adv __ x __ heldigvis __ onneksi __ luckily, fortenately __ MJ12 __ ABSTRACT_ADV
ei tietenkhään __ MWE __ x __ selvsagt ikke __ ei teitenkään __ of course not __ MJ12 __ ABSTRACT_ADV
vaanasti __ Adv __ x __ snaut __ niukasti  __ scantily, poorly __ MJ12 __ SOUP_ADV
vähemän __ Adv __ x __ mindre __ vähemmän __ less __ MJ12 __ ABSTRACT_ADV, SOUP_ADV
vasten __ Po __ x __ mot __ vasten __ towards __ MJ13 __ BODY_ADV
enämen __ Adv __ x __ mer __ enemmän __ more __ MJ13 __ ABSTRACT_ADV, SOUP_ADV
lissää __ Adv __ x __ mer, flere __ lisää __ more, several __ MJ13 __ ABSTRACT_ADV, SOUP_ADV
sillä __ Adv __ x __ derfor __ siksi __ therefore __ MJ13 __ ABSTRACT_ADV
välilä __ Adv __ x __ innimellom, nå og da __ välillä __ in between __ MJ13 __ TIME_ADV
keskelä __ Pr __ x __ midt i, midt på __ keskellä __ in the middle of __ MJ13 __ NATURE_ADV, BUILDING_ROOM_ADV
makka __ Adv __ x __ liksom __ muka, mukamas __ like, as, a sort of __ MJ13 __ PEOPLE_ADV
muuvala __ Adv __ x __ et annet sted __ muualla __ elsewhere __ MJ13 __ NATURE_ADV
tarkasti __ Adv __ x __ nøye, nøyaktig __ tarkasti __ carefully __ MJ13 __ PEOPLE_ADV
tänne __ Adv __ x __ hit __ tänne __ here __ MJ13 __ MOVEMENT_ADV
ei vieläkhään __ MWE __ x __ ikke ennå __ ei vieläkään __ not yet __ MJ13 __ TIME_ADV
hirmuinen __ A __ a42odd __ forferdelig __ hirmuinen __ terrible, awful __ MJ10 __ HUMAN_A 
kylmä __ A __ a21 __ kall __ kylmä __  cold __ MJ10 __ WEATHER_A 
makkee __ A __ a23 __ søt __ makea __ sweet__ MJ10 __ SOUP_A 
tervheelinen __ A __ a42 __ sunn __ terveellinen __ healthy __ MJ10 __ SOUP_A  
hoikkanen __ A __ a42odd __ slank __ hoikka __ slim __ MJ11 __ BODY_A 
huono __ A __ a21 __ dårlig __ huono __ bad __ MJ11 __ HUMAN_A, EXPERIENCE_A 
ihana __ A __ a422odd __ deilig, nydelig __ ihana __ lovely, charming __ MJ11 __ HUMAN_A 
mukava __ A __ a22odd __ trivelig, artig __ mukava __ pleasant, nice __ MJ11 __ HUMAN_A
surulinen __ A __ a42 __ trist, sørgelig __ surullinen __ sad, unhappy __ MJ11 __ HUMAN_A
vaalee __ A __ a23 __ lys __ vaalea __ light __ MJ11 __ HUMAN_A 
ymmyräinen __ A __ a42 __ rund __ pyöreä __ round __ MJ11 __ BODYPART_A
sotahullu __ A __ a23 __ krigsentusiast __ sotahullu __ trigger-happy __ MJ12 __ HUMAN_A 
ystävällinen __ A __ a42odd __ vennlig __ ystävällinen __ kind __ MJ12 __ HUMAN_A 
noppee __ A __ a23 __ snar __ nopea __ quick __ MJ13 __ MOVEMENT_A
onnelinen __ A __ a42 __ lykkelig __ onnellinen __ happy __ MJ13 __ HUMAN_A
rakas __ A __ a33s __ kjær __ rakas __ dear __ MJ13 __ HUMAN_A 
romanttinen __ A __ a42 __ romantisk __ romanttinen __ romantic __ MJ13 __ HUMAN_A 
suomalainen __ A __ a42 __ finsk __ suomalainen __ Finnish __ MJ13 __ PEOPLE_A 
vappaa __ A __ a23 __ fri, ledig __ vapaa __ free __ MJ13 __ BUILDING_ROOM_A, ABSTRACT_A
hoppuinen __ A __ a42odd __ travel, opptatt __ kiireinen __ busy __ MJ14 __ HUMAN_A
merkilinen __ A __ a42odd __ merkelig __ merkillinen, kummallinen __ strange, odd __ MJ14 __ ABSTRACT_A
