[Sanalistan alkuun tulee teksti tiedostosta sanalistan_ohjeet_021010.rtf]			
			
			
Saame	Suomi		pustavoornig
aaibâs	aivan		aaibås
aainâs	ainakin		aainås
aainâs-uv	ainakin		aainås-uv
aalgân	aluksi		aalgån
aalmugpeivi –peeivi	kansallispäivä		aalmugpeivi -peeivi
aamnâs amnâs	aine, aines		aamnås amnås
Aanaar	Inari		Aanaar
aanoost	käytössä		aanoost
aassâđ aasâm áásá	asua		aassådö aasåm ääsä
aašijn	asioista (mon. ill.)		aasöijn
aavis	sanomalehti		aavis
addiđ addiim äddee	ymmärtää		addidö addiim äddee
adeliđ addel	antaa		adelidö addel
adeluđ adeluum adeluvvoo	tulla annetuksi		adeludö adeluum adeluvvoo
ađai	eli		adöai
ahan	ikään (ill.)		ahan
ahasâš ahasii	ikäinen		ahasåsö ahasii
ahe ave	ikä		ahe ave
aiccâđ aaicâm áiccá	havaita		aiccådö aaicåm äiccä
ain	aina, yhä		ain
a'lda	lähellä		alda
aldasijn	lähimailla		aldasijn
aldeláá	lähempänä, lähemmäs		aldelää
algaaš	poikanen		algaasö
alge a'lge mg. oolgij	poika		alge alge mg. oolgij
algâpurrâmâššân	alkuruuaksi		algåpurråmåsösöån
algâpuáttim	alkuperä		algåpuättim
a'lmai almaa	mies		almai almaa
a'lmostittiđ	julkistaa		almostittidö
a'lmottâs	ilmoitus		almottås
a'lmottâttâđ	ilmoittautua		almottåttådö
aln	päällä		aln
alne	päällä		alne
a'lnestis	itsellään		alnestis
amahan te	varmaankin		amahan te
amahmis	ai niin		amahmis
amas	jottei		amas
amnâsin	materiaaliksi (ess.)		amnåsin
Anarist	Inarissa		Anarist
anarâš	inarinsaamelainen		anaråsö
anarâškielâ –kielâ	inarinsaame		anaråsökielå -kielå
anneeđ	pitää (jonakin)		anneedö
antibioot	antibiootti		antibioot
aŋŋiin	angiina		anönöiin
appelsinsäppi –sääpi	appelsiinimehu		appelsinsäppi -sääpi
apseđ a'psam apsa	haistaa		apsedö apsam apsa
apteek	apteekki		apteek
argâpeivi –peeivi	arkipäivä		argåpeivi –peeivi
arkkiteht	arkkitehti		arkkiteht
arvaastâl	sataa (vähän) (3.p.)		arvaastål
arve a'rve mg. oorvij	sade		arve arve mg. oorvij
arven	sateella		arven
arveuáh'ti –uávti mg. –oovtij	sadekuuro		arveuähti –uävti mg. –oovtij
arvâliđ arvâl	arvella		arvålidö arvål
asettem, attr. asettes	ohut (paperista, vaatteista, jne.)		asettem, attr. asettes
assaa, attr. assaas	paksu (kankaasta tms.)		assaa, attr. assaas
asto a'sto	aika		asto asto
auto a'uto	auto		auto auto
autotalli –taali	autotalli		autotalli –taali
avžuuttiđ avžut	kehottaa		avzöuuttidö avzöut
baari	baari		baari
cagge cage	tolppa		cagge cage
ceggiđ ceggiim ceggee	pystyttää		ceggidö ceggiim ceggee
cekki ceehi	aste		cekki ceehi
celkkiđ ciälhám ciälk'ká	sanoa		celkkidö ciälhäm ciälkkä
celkkiđ tier'vuo'đâid	lähettää terveisiä		celkkidö tiervuodöåid
cogijdis	tolppiensa		cogijdis
cokkiittiđ cokkit	sytyttää		cokkiittidö cokkit
cokkâniđ cokkân	syttyä		cokkånidö cokkån
coohâđ coovâm caha	kyteä		coohådö coovåm caha
cuov'kkiđ cuov'kkiim cyev'kkee	rikkoa		cuovkkidö cuovkkiim cyevkkee
cuovkkâniđ čuovkkân	hajota		cuovkkånidö cöuovkkån
cuvnâđ cuuvnâm covná	herättää		cuvnådö cuuvnåm covnä
cuáŋui cuoŋ'ŋuu	hanki		cuänöui cuonönöuu
cuápcuht	pystyssä		cuäpcuht
cyev'kkejuđ cyev'kkejuum cyev'kkejuvvoo	tulla rikotuksi		cyevkkejudö cyevkkejuum cyevkkejuvvoo
čaahâđ čaavâm čááhá	mahtua		cöaahådö cöaavåm cöäähä
čaaŋŋâđ čaaŋâm čááŋá	pujahtaa, ryömiä		cöaanönöådö cöaanöåm cöäänöä
čahhiđ čahhiim čähhee	väistää, antaa tilaa		cöahhidö cöahhiim cöähhee
čalme ča'lme	silmä		cöalme cöalme
čappâd, attr. čapis	musta		cöappåd, attr. cöapis
čappâdâs	mustuus		cöappådås
časkeđ ča'skam časka	lyödä		cöaskedö cöaskam cöaska
časkâđ čaaskâm čáská	sammua		cöaskådö cöaaskåm cöäskä
čeppi čeepi, attr. čepis	taitava		cöeppi cöeepi, attr. cöepis
čeve čiäppát	kaula		cöeve cöiäppät
čevepäddi –päädi mg. –paadij	kaulapanta		cöevepäddi –päädi mg. –paadij
čiđđâ čiiđâ	hiili		cöidödöå cöiidöå
čieh'čâđ čievčâm čiäh'čá	potkia		cöiehcöådö cöievcöåm cöiähcöä
čieh'čâmkiäl'kká –kiälhá	potkukelkka		cöiehcöåmkiälkkä -kiälhä
čiehâđ čievâm čiähá	piilottaa		cöiehådö cöievåm cöiähä
čielgi	selkä		cöielgi
čiel'giđ čiel'giim čiel'gee	selvittää		cöielgidö cöielgiim cöielgee
čielgipoovčâs –pohčâs	selkäsärky		cöielgipoovcöås –pohcöås
čiel'gâđ čielgâm čiäl'gá	selvitä		cöielgådö cöielgåm cöiälgä
čielgâi	selvisi		cöielgåi
čieŋŋâl, attr. čieŋâlis	syvä		cöienönöål, attr. cöienöålis
čiiđâčappâd, attr. –čapis	hiilenmusta		cöiidöåcöappåd, attr. –cöapis
čikšâ čiivšâ	tavi		cöiksöå cöiivsöå
čivgâ čiivgâ	poikanen		cöivgå cöiivgå
čivgâđ čiivgâm čivgá	saada poikasia		cöivgådö cöiivgåm cöivgä
čižetpel	vasemmalle		cöizöetpel
čiärruđ čiärum čiäru	itkeä		cöiärrudö cöiärum cöiäru
čođâttiđ čoođât	läpäistä		cöodöåttidö cöoodöåt
čoggâšuđ čoggâšuum čoggâšuvá	kertyä		cöoggåsöudö cöoggåsöuum cöoggåsöuvä
čohhoođ čovom čoho	kammata		cöohhoodö cöovom cöoho
čokkiđ čokkiim čuák'kee	koota		cöokkidö cöokkiim cöuäkkee
čokkáđ čokkáám čokkáá	istua		cöokkädö cöokkääm cöokkää
čokániđ čokkáán	istuutua		cöokänidö cöokänåm cöokkään
čokánistiđ	istahtaa		cöokänistidö
čoođâ	läpi		cöoodöå
čoođâčoolmâg	lempi-		cöoodöåcöoolmåg
čoonnâđ čoonâm čana	sitoa		cöoonnådö cöoonåm cöana
čorgejeijee	siivooja		cöorgejeijee
(mun) čorgejim	(minä) siivosin		cöorgejim
čovgiđ čovgiim čuáv'gee	kiristää		cöovgidö cöovgiim cöuävgee
čujottiđ čuujoot	osoittaa		cöujottidö cöuujoot
čujottâs	osoite		cöujottås
čunoi	hiekka		cöunoi
čuoi'gâđ čuoigâm čuái'gá	hiihtää		cöuoigådö cöuoigåm cöuäigä
čuoi'gâmškovlâ –škoovlâ	hiihtokoulu		cöuoigåmsökovlå –sökoovlå
čuoigân	hiihtäen		cöuoigån
čuoi'gámluámu –luámu	hiihtoloma		cöuoigämluämu -luämu
čuoijâđ čuojâm čuájá	soida		cöuoijådö cöuojåm cöuäjä
čuomâ čuomâ	suomu		cöuomå cöuomå
čuop'pâđ čuopâm čuáp'pá	leikata		cöuoppådö cöuopåm cöuäppä
čuor'viđ čuor'viim čyer'vee	huutaa (kerran)		cöuorvidö cöuorviim cöyervee
čuoš'kâ čuoškâ	sääski		cöuosökå cöuosökå
čuov'jâd, attr. čuo'vjis	sininen		cöuovjåd, attr. cöuovjis
čuovâ čuovâ	valo		cöuovå cöuovå
čuovâniđ čuovvân 	valaistua		cöuovånidö cöuovvån 
čuožâd	pystyssä		cöuozöåd
čurgiđ čurgiim čorgee	siivota		cöurgidö cöurgiim cöorgee
čurgâd, attr. čurgâdis	siisti		cöurgåd, attr. cöurgådis
čuuhâđ čuuvâm čohá	teroittaa		cöuuhådö cöuuvåm cöohä
čuákist	koossa		cöuäkist
čuák'kim	kokous		cöuäkkim
čuási čuási mg. čoosij, attr. čuá'sis	viileä		cöuäsi cöuäsi mg. cöoosij, attr. cöuäsis
čuáskudemko'lgos –kolgos	jäähdytysneste		cöuäskudemkolgos –kolgos
čuáv'ji čuávji	vatsa		cöuävji cöuävji
čuáž'žuđ čuážum čuáž'žu	seisoa		cöuäzözöudö cöuäzöum cöuäzözöu
čáhálig	haltija		cöähälig
čárvuđ čáárvum čárvu	puristaa		cöärvudö cöäärvum cöärvu
čááitus čáittus	näyte		cöääitus cöäittus
čäälliđ čálám čáálá	kirjoittaa		cöäällidö cöäläm cöäälä
DVD–sajattâh –sajattuv	DVD-asema		DVD-sajattåh –sajattuv
eehid	ilta		eehid
eehid peln	illan puolella		eehid peln
eelliđ iä'lám iälá	käydä, elää		eellidö iäläm iälä
eellim	elämä		eellim
(mun) eellim 	(minä) kävin		eellim 
eellimahe	elinikä		eellimahe
eennâm	maa		eennåm
eennâmtuálu	maatalous		eennåmtuälu
eenâb	enemmän		eenåb
eeti eđe	hätä		eeti edöe mg. eedöij
ehidispeivi –peeivi 	iltapäivä		ehidispeivi –peeivi 
e'idu	juuri		eidu
eidu tal te	juuri ja juuri		eidu tal te
eidu tääl te	juuri ja juuri		eidu tääl te
eissigin	ollenkaan		eissigin
eivi	aina		eivi
ele huolâ	älä huoli		ele huolå
ele jo muide	älä muuta sano		ele jo muide
elege	äläkä		elege
elleekove	elokuva		elleekove
enni eeni	äiti		enni eeni
ennijn	äidin kanssa		ennijn
ennituálbus –tuál'bus	emolevy		ennituälbus –tuälbus
ennui	enolle		ennui
ennuv	paljon		ennuv
ennuv lukko	paljon onnea		ennuv lukko
eŋgâlâskielâ –kielâ	englannin kieli		enögålåskielå –kielå
epitáválâš –táválii	epätavallinen		epitävälåsö –tävälii
eres iär'rás	muu		eres iärräs
eresivnásâš –ivnásii	erivärinen		eresivnäsåsö -ivnäsii
eresnáál	eri tavalla		eresnääl
eromâšávt	varsinkin		eromåsöävt
ertpeeli –pele	kylki		ertpeeli –pele
esken	vasta		esken
eskin	vasta		eskin
et	että		et
ettâđ eeđâm iä'tá	sanoa		ettådö eedöåm iätä
euro	euro		euro
evvis	eväs		evvis
faallâđ faalâm fáálá	tarjota		faallådö faalåm fäälä
faarkuh	farkut		faarkuh
fađđoođ fađom fađo	huitoa		fadödöoodö fadöom fadöo
fakkist	äkkiä		fakkist
falâččeijee	tarjoilija		falåcöcöeijee
faste fa'ste mg. foostij, attr. fa'stes	ruma		faste faste mg. foostij, attr. fastes
fattiđ fattiim fättee	saada kiinni		fattidö fattiim fättee
feiliđ feiliim feilee	tehä virhe		feilidö feiliim feilee
ferttiđ ferttiim ferttee	joutua, täytyä		ferttidö ferttiim ferttee
ferttiivettee	(teidän) täytyy (kaksikko)		ferttiivettee
ferttij	joutui, täytyi		ferttij
fiijnes fijnás, attr. fiijnâ	hieno		fiijnes fijnäs, attr. fiijnå
filmâ fiilmâ	elokuva		filmå fiilmå
finniđ finniim finnee	saada		finnidö finniim finnee
finnij	sai		finnij
fiskâd, attr. fi'skis	keltainen		fiskåd, attr. fiskis
fiäráán	kokemus		fiärään
forgâ	kohta		forgå
forgâpalij	kohtapuolin		forgåpalij
formulavyei'jee	formulakuski		formulavyeijee
fysiik	fysiikka		fysiik
fáárun	mukaan		fäärun
haahâđ haavâm hááhá	hankkia		haahådö haavåm häähä
haajâ haajâ	haju		haajå haajå
haamit	hame		haamit
hadde hade mg. hoodij	hinta		hadde hade mg. hoodij
halijdiččih-uv	haluaisitko		halijdicöcöih-uv
halijdiđ haalijd	haluta		halijdidö haalijd
harvii	harvoin		harvii
heejâ heejâ	hää		heejå heejå
heervâ tiet	huvin vuoksi		heervå tiet
heiviittiđ heivit	sovittaa		heiviittidö
hejâpovdiittâs	hääkutsu		hejåpovdiittås
helikopter	helikopteri		helikopter
hellá helá	hella		hellä helä
Hendâ Heendâ	Henti (nimi)		Hendå Heendå
heŋgâsiđ heŋgâs	roikkua		henögåsidö henögås
he'ŋgâstiđ heeŋgâst	ripustaa		henögåstidö heenögåst
hepânâššâđ	hävetä		hepånåsösöådö
hersku heersku	herkku		hersku heersku
herskumäälis –máállás	herkkuruoka		herskumäälis -määlläs
hervâ heervâ	koru		hervå heervå
hettiđ hettiim hettee	vaivata		hettidö hettiim hettee
hiiva	hiiva		hiiva
hiivsig	wc		hiivsig
hiivsigpäävir –pááppár	wc-paperi		hiivsigpäävir -pääppär
hi'rmos hirmos	hirveä		hirmos hirmos
hirmâd	hirveän		hirmåd
hi'rmástuđ hi¨rmástuum hi'rmástuvá	kauhistua		hirmästudö hi¨rmästuum hirmästuvä
historjá	historia		historjä
hitruu, attr. hitruus	hauska		hitruu, attr. hitruus
hitásubbooht	hitaammin		hitäsubbooht
hitásávt	hitaasti		hitäsävt
hiä'ivulâš hiä'ivulii	sopiva		hiäivulåsö hiäivulii
hiäju	heikko		hiäju
hiäl'ppu hiälpu	helppo		hiälppu hiälpu
hiäŋ'guđ hiäŋgum hiäŋ'gu	ripustaa		hiänögudö hiänögum hiänögu
hiä'rása'lmai –almaa	herrasmies		hiäräsalmai –almaa
hoittáđ hoittáám hoittáá	hoitaa		hoittädö hoittääm hoittää
hommá homá	homma, asia		hommä homä
hooteel	hotelli		hooteel
hoppuu, attr. hoppuus	kiireinen		hoppuu
hu'ihádiđ huuihád	huudahtaa		huihädidö huuihäd
huikkeđ hu'ihám huikká	huutaa		huikkedö huihäm huikkä
huksiđ huksiim huksee	rakentaa (esim. taloa)		huksidö huksiim huksee
hundâruššâđ	pohtia		hundårusösöådö
huollâđ			huollådö
huollâđ huolâm huálá	huolia, välittää		huollådö huolåm huälä
hupmá 	puhua (pohj.saam.)		hupmä 
hu'rgottiđ hurgoot	huristella		hurgottidö hurgoot
hu'tkos hutkos	keksintö		hutkos hutkos
huáđ'đoo	otus		huädödöoo
huám’mášiđ huám’máš	huomata		huäm’mäsöidö huäm’mäsö
huá'mášuttiđ	huomauttaa		huämäsöuttidö
huáp'pu huápu	kiire		huäppu huäpu
huá'pubeht	nopeammin		huäpubeht
huápust	nopeasti		huäpust
hyel'kki hyelhi mg. huolhij	sukulainen		hyelkki hyelhi mg. huolhij
hyeneeht	huonosti		hyeneeht
hyeni hye'ne mg. huonij, attr. hye' nes	huono		hyeni hyene mg. huonij, attr. hye nes
häittidiđ häittid	haitata		häittididö häittid
hälbi häälbi, attr. hä'lbis	halpa		hälbi
häppilávt	ketterästi		häppilävt
há'rjuttâllâđ	harjoitella		härjuttållådö
hárjániđ hárján	tottua		härjänidö härjänåm härjän
häälbib	halvempi		häälbib
iberdiđ ibbeerd	ymmärtää		iberdidö ibbeerd
ige	eikä		ige
ihe ive	vuosi		ihe ive
ihenis	ikinä		ihenis
iho	öisin		iho
ihásâš ihásii	vuotias		ihäsåsö ihäsii
iidâ idduu	polvi		iidå idduu
iiđeed	aamu		iidöeed
iiđeedpittá –pitá	aamiainen		iidöeedpittä –pitä
iijân	yöksi		iijån
iimâš immâš	ihme		iimåsö immåsö
ijba	eipä		ijba
ijjâ iijâ	yö		ijjå iijå
ilbâd, attr. i'lbis	ilkikurinen		ilbåd, attr. ilbis
ilddee	hylly		ilddee
ilddein	hyllyillä		ilddein
illá	tuskin		illä
illávaje	sairas		illävaje
ilodiđ iilood	iloita		ilodidö iilood
ilolâš ilolii	iloinen		ilolåsö ilolii
ilâštiđ iilâšt	kirvellä		ilåsötidö iilåsöt
imâšlâš imâšlii	ihmeellinen		imåsölåsö imåsölii
imâštâllâđ	ihmetellä		imåsötållådö
innig	enää		innig
Internet-ohtâvuotâ	Internet-yhteys		Internet-ohtåvuotå
irâttâs	yritys		iråttås
iskâđ iiskâm iská	kokeilla, yrittää		iskådö iiskåm iskä
išediđ iššeed	auttaa		isöedidö isösöeed
iššeed	isäntä		isösöeed
itteeđ  iđám itá	ilmestyä (näkyviin)		itteedö  idöäm itä
itten	huomenna		itten
ittáá eehid räi	huomisiltaan mennessä		ittää eehid räi
ittáážân	huomiseksi		ittääzöån
ivne i'vne	väri		ivne ivne
ivnijn	värillä		ivnijn
iäl'jár, attr. iäl'járis	ahkera		iäljär, attr. iäljäris
iäl'járávt	ahkerasti		iäljärävt
iäl'lááttiđ iäl'lát	elvyttää		iälläättidö iällät
iä'láttâh iä'láttuv	eläke		iälättåh iälättuv
Iä'nudâh	Enontekiö		Iänudåh
iänui ennuu	eno		iänui ennuu
iänááš	enimmäkseen		iänääsö
iär'ráseh	muut		iärräseh
iär'vádâllâđ	arvailla		iärvädållådö
iät'kálem	venähdys		iätkälem
iä'táduđ iä'táduum iä'táduvá	hätääntyä		iätädudö iätäduum iätäduvä
iä'vtuttâs	ehdotus		iävtuttås
jaska kulluumist	lopettaa kuulumasta		jaska kulluumist
jeđe	ja sitten		jedöe
jeggi jeegi	suo		jeggi jeegi
jieččâd	(sinun) oma		jiecöcöåd
jiehke	etkä		jiehke
jieh't	eilen		jieht
jiei'jâs	(hänen) oma		jieijås
jiellâh	lemmikki		jiellåh
jienâ jienâ	ääni		jienå jienå
jie'ŋâskappi –skaapi	jääkaappi		jienöåskappi -skaapi
jie'ŋâskiär'ru –skiäru	jääkiekko		jienöåskiärru –skiäru
jie'restuđ jie'restuum jie'restuvá	hermostua		jierestudö jierestuum jierestuvä
jieš	itse		jiesö
jiešmeidlist	itsestään		jiesömeidlist
jis	jos		jis
jispa	jospa		jispa
jiäŋŋuđ jiäŋum jiäŋu	jäätyä		jiänönöudö jiänöum jiänöu
jiävtâš jiäv'ttáá	eilinen		jiävtåsö jiävttää
jo	jo		jo
joddee	jata (verkot vedessä)		joddee
jonsahpeivi –peeivi	juhannus		jonsahpeivi -peeivi
jo'rgettiđ jorgeet	kääntyä		jorgettidö jorgeet
jo'rgáldâh jo'rgálduv	seisaus, tasaus (kalenterissa)		jorgäldåh jorgälduv
joskâđ jooskâm jaska	lopettaa		joskådö jooskåm jaska
jotelubbooht	nopeammin		jotelubbooht
jotelávt	nopeasti		jotelävt
jotemin	kulkemassa		jotemin
jotkuđ jotkuum juát'koo	jatkua		jotkudö jotkuum juätkoo
jotolâh jotoluv	liikenne		jotolåh jotoluv
jotolâhmerkkâ –meerhâ	liikennemerkki		jotolåhmerkkå –meerhå
jotteeđ jođám jotá	käydä, kulkea		jotteedö jodöäm jotä
juhle ju'hle	juhla		juhle juhle
juhlođ ju'hlom juhlo	juhlia		juhlodö juhlom juhlo
juhâmâššân	juotavaksi		juhåmåsösöån
juksâđ juuvsâm juksá	saada kiinni, päästä tasalle		juksådö juuvsåm juksä
juŋŋâ juuŋâ	puolukka		junönöå juunöå
juŋŋâpurkki –puurki	puolukkapurkki		junönöåpurkki –puurki
juollâd, attr. juo'lâdis, juo'lis	väljä		juollåd, attr. juolådis, juolis
juo'ŋâstiđ juoŋâst	juomustaa		juonöåstidö juonöåst
juov'dâđ juovdâm juáv'dá	joutaa		juovdådö juovdåm juävdä
juovlah	joulu		juovlah
juov'lâáptu –ááptu	jouluaatto		juovlåäptu -ääptu
jurdeđ ju'rdám jurdá	luulla		jurdedö jurdäm jurdä
ju'rdâččiđ juurdâš	miettiä, ajatella		jurdåcöcöidö juurdåsö
jurgâliđ jurgâl	kääntää		jurgålidö jurgål
jurseđ ju'rsám jursá	nakertaa		jursedö jursäm jursä
jurâttiđ juurât	pyörittää		juråttidö juuråt
juugurt 	jugurtti		juugurt 
juuhâđ juuvâm juhá	juoda		juuhådö juuvåm juhä
juurbâs jurbâs, attr. jurbâ	pyöreä		juurbås jurbås, attr. jurbå
juurrâđ juurâm jorá	pyöriä		juurrådö juuråm jorä
juálgán	jalkaan		juälgän
juát'kiđ  juáđhám juátká	jatkaa		juätkidö  juädöhäm juätkä
jye'hi peeivi	joka päivä		jyehi peeivi
jyel'gi jyelgi	jalka		jyelgi jyelgi
jyel'gipállu –páálu	jalkapallo		jyelgipällu –päälu
jáhá	jaahas		jähä
jävri jäävri mg. jaavrij	järvi		jävri jäävri mg. jaavrij
jávvu jáávu	jauho		jävvu jäävu
jáá	jaa		jää
jáávuh	jauhot		jäävuh
kaahvâl kahvâl	haarukka		kaahvål kahvål
kaamuv kammuu	kenkä		kaamuv kammuu
kaandâš kandii	pikkupoika		kaandåsö kandii
kaasu	kaasu		kaasu
kaattâđ kaađâm káátá	katua		kaattådö kaadöåm käätä
kaavpug	kaupunki		kaavpug
kaččâđ kaačâm káččá	juosta		kacöcöådö kaacöåm käcöcöä
kaččâliđ kaččâl	lähteä juoksemaan		kacöcöålidö kacöcöål
kahheeđ kavam kaha	hiertää		kahheedö kavam kaha
kal	kyllä		kal
kale	kyllä		kale
kalgâđ kaalgâm kálgá	selvittää, aukaista (esim. solmu)		kalgådö kaalgåm kälgä
kallaad	monesko		kallaad
kalle	montako		kalle
kandâ kaandâ	poika		kandå kaandå
kandâpuicce –puuice	pojannapero		kandåpuicce -puuice
kanister	kanisteri		kanister
kannattiđ kannat	kannattaa		kannattidö kannat
kappeer	lakki		kappeer
karttâđ kaartâm kárttá	joutua		karttådö kaartåm kärttä
karveđ ka'rvam karva	kiertää		karvedö karvam karva
kaskoo	keskellä		kaskoo
kaskoo vi'ste	keskellä huonetta		kaskoo viste
kašneđ ka'šnam kašna	aivastaa		kasönedö kasönam kasöna
kavnuđ kavnuum kávnoo	löytyä		kavnudö kavnuum kävnoo
kavnâđ kaavnâm kávná	löytää		kavnådö kaavnåm kävnä
kavrelum	vääntynyt		kavrelum
kavâstâllâđ	haukotella		kavåstållådö
keččin	päässä, päästä		kecöcöin
keččâđ keejâm kiäč'čá	katsoa		kecöcöådö keejåm kiäcöcöä
keččâliđ keččâl	yrittää, kokeilla		kecöcöålidö kecöcöål
keđgi keeđgi	kivi		kedögi keedögi
keeči keeji	pää (esim. tien)		keecöi keeji
keejâ	katso (käskymuoto)		keejå
keeppil	käpälä		keeppil
keesi keesi	kesä		keesi keesi
keessiv	kesällä		keessiv
keevvâđ keevâm kiävá	käydä, sattua		keevvådö keevåm kiävä
keevâi	kävi		keevåi
kejâdiđ keeijâd	katsella		kejådidö keeijåd
kejâdijn	katsoessa		kejådijn
kejâstep	vilkaistaan		kejåstep
kejâstiđ keejâst	vilkaista		kejåstidö keejåst
kejâstâllâđ	vilkuilla		kejåstållådö
kejâttâs	katsastus		kejåttås
keksiđ keksiim keksee	keksiä		keksidö keksiim keksee
keldiđ kiäldám kiäl'dá	virittää (pyydyksestä, ansasta)		keldidö kiäldäm kiäldä
kepibân	vähemmäksi		kepibån
kepidiđ keeppid	vähentää		kepididö keeppid
kepiláin	käpälällä		kepiläin
keppis, attr. keppisis	kevyt		keppis, attr. keppisis
kesilodde –lode mg. –luudij	kesälintu		kesilodde -lode mg. -luudij
kesitupe –tuve	kesämökki		kesitupe –tuve
kevttuđ kevttuum kiäv'ttoo	tulla käytetyksi		kevttudö kevttuum kiävttoo
kevttum	käytetty		kevttum
kevâmin	käynnissä, käymässä		kevåmin
kicijdem	kitinä		kicijdem
kiddâ	kiinni		kiddå
kidâ	aivan, täysin		kidå
kiđđuv	keväällä		kidödöuv
kiđđâ kiiđâ	kevät		kidödöå kiidöå
kiđđâpaje –paje mg. –poojij	kevätjakso		kidödöåpaje -paje
kied'di kiedi	kenttä		kieddi kiedi
kie'đâvuššâđ	käsitellä		kiedöåvusösöådö
kielâ kielâ	kieli		kielå kielå
kie'lâtotkee	kielentutkija		kielåtotkee
kie'lâtáiđu –tááiđu	kielitaito		kielåtäidöu -tääidöu
kiem'ni kiemni	kattila		kiemni kiemni
kier'dâvâš kier'dáváá	kärsivällinen		kierdåvåsö kierdävää
kier'dâvávt	kärsivällisesti		kierdåvävt
kier'gâniđ kier'gân	ehtiä		kiergånidö kiergån
kiessâđ kiesâm kiäsá	kietoa		kiessådö kiesåm kiäsä
kietâ kieđâ	käsi		kietå kiedöå
kie'tâkoossân	käsijarru		kietåkoossån
kietâpuhelin	kännykkä		kietåpuhelin
kievhi, attr. kie'vhis	köyhä		kievhi, attr. kievhis
kievkân kiev'kkân	keittiö		kievkån kievkkån
kihheen	kukaan		kihheen
kihlođ ki'hlom kihlo	kihlata		kihlodö kihlom kihlo
kihluđ kihluum kihloo	kihlautua		kihludö kihluum kihloo
kii	kuka		kii
kii peri	kuka vain		kii peri
kiinii	joku		kiinii
kijtteđ ki'jtám kijttá	kiittää		kijttedö kijtäm kijttä
kilomeetter	kilometri		kilomeetter
kirdeđ ki'rdám kirdá	lentää		kirdedö kirdäm kirdä
kirdeliđ kirdel	lähteä lentoon		kirdelidö kirdel
kirdem	lentäminen		kirdem
ki'rho a'lda	kirkon lähellä		kirho alda
kirječällee	kirjailija		kirjecöällee
kirjeilddee	kirjahylly		kirjeilddee
kirjerááju –rááju	kirjasto		kirjerääju –rääju
kirkkâd, attr. ki'rkis	kirkas		kirkkåd, attr. kirkis
kissá kisá	kissa		kissä kisä
kisápurrâmâš	kissanruoka		kisäpurråmåsö
kiškuđ kiškuum kiškoo	repeytyä, tulla revityksi		kisökudö kisökuum kisökoo
kišto	kisa		kisöto
ki'štoi	kilpaa		kisötoi
kivkked	yhtäkkiä, äkkiä		kivkked
kivkkâhâš kivkkâháá	kiuas		kivkkåhåsö kivkkåhää
kivkkâhâžân	kiukaaseen		kivkkåhåzöån
ki'vsediđ kiivsed	kiusata		kivsedidö kiivsed
ki'vsedii	kiusasivat (mon. 3.p.)		kivsedii
kiäh	ketkä		kiäh
kiäl'háin	kelkalla (kom.)		kiälhäin
kiä'lástâllâđ	valehdella		kiälästållådö
ko	kuin		ko
kocceeđ kosám kocá	valvoa		kocceedö kosäm kocä
koccáđ koccáám koccáá	herätä		koccädö koccääm koccää
koččim	putosin		kocöcöim
koččođ kočom koččo	kehottaa, kutsua		kocöcöodö kocöom kocöcöo
koččâđ koočâm kačča	pudota		kocöcöådö koocöåm kacöcöa
kočâttiđ koočât	pudottaa		kocöåttidö koocöåt
koddeđ kodám koddá	saa saaliiksi		koddedö kodäm koddä
koddee	pyytäjä		koddee
koddám	saanut saaliiksi		koddäm
kođđeeđ kođám kođá	kutoa		kodödöeedö kodöäm kodöä
kogo	missä kohti		kogo
kogobeht	missä kohti		kogobeht
kohhuđ kohhuum kahhoo	hankautua		kohhudö kohhuum kahhoo
kohân te	kunhan vain		kohån te
koibâkappeer	lippalakki		koibåkappeer
koijâdiđ koijâd	kysyä		koijådidö koijåd
koijâdâllâđ	kysellä		koijådållådö
kolbâ koolbâ	kyltti		kolbå koolbå
kolgolâš kolgolii	kulkuri		kolgolåsö kolgolii
ko'lgâččij-uvsun	pitäisiköhän		kolgåcöcöij-uvsun
kolgâđ koolgâm kalga	pitää, täytyä		kolgådö koolgåm kalga
kolkkiđ kolkkim kuál'kkee	tyyntyä		kolkkidö kolkkim kuälkkee
kolkkij	tyyntyi		kolkkij
kolle kole mg. kuulij	kulta		kolle kole mg. kuulij
kollepottâ –poođâ	kiiltokärpänen		kollepottå -poodöå
kolliđ kolliim kuál'lee	kyläillä		kollidö kolliim kuällee
kolo kolo	kulu		kolo kolo
komettiđ koomeet	kaataa (kumoon)		komettidö koomeet
kommetáálu –táálu	kummitustalo		kommetäälu -täälu
komâlâš komálii	omituinen, kummallinen		komålåsö komälii
kooccâđ koosâm kuácá	jarruttaa		kooccådö koosåm kuäcä
koolmâs kolmâs, attr. kolmâ	kylmä		koolmås kolmås, attr. kolmå
koorrâđ koorâm kara	kovettua, suuttua		koorrådö kooråm kara
koorâs korrâs, attr. korrâ	kova		koorås korrås, attr. korrå
koossân	jarru		koossån
kopšâđ koopšâm kapša	kypsyä		kopsöådö koopsöåm kapsöa
korrâleibi –leeibi	näkkileipä		korråleibi -leeibi
korrâskiär'ru –skiäru	kiintolevy		korråskiärru –skiäru
korrâsubbooht	kovemmin		korråsubbooht
koskâijjâ –iijâ	keskiyö		koskåijjå –iijå
koskân	kesken		koskån
koskâpeivi –peeivi	keskipäivä		koskåpeivi –peeivi
koskâäigi –ääigi mg –aaigij	keskiaika		koskåäigi –ääigi mg –aaigij
kossuu, attr. kossâ	paksu (puusta, tms.)		kossuu, attr. kosså
kossuv, attr. kossâ	paksu (puusta, tms.)		kossuv, attr. kosså
kost	missä		kost
kostnii	jossain		kostnii
kostâdiđ kostâd	jaksaa (kantaa)		kostådidö koståd
kostâđ koostâm kasta	jaksaa		kostådö kooståm kasta
koškepiär'gu –piärgu	kuivaliha		kosökepiärgu –piärgu
ko'škes, attr. koške	kuiva		kosökes, attr. kosöke
koškâđ kooškâm kaška	heitellä		kosökådö koosökåm kasöka
kote	joka		kote
kove kove mg kuuvij	kuva		kove kove mg kuuvij
kovjâ koovjâ	pöly		kovjå koovjå
kovlođ	yökätä		kovlodö
kozzâđ koozâm kazza	syödä lusikalla		kozzådö koozåm kazza
kozzâmääli –määli	koparakeitto		kozzåmääli -määli
(tun) kuddih	sait saaliiksi		kuddih
(mun) kuddim	sain saaliiksi		kuddim
kuddum	tulehtunut; tulehdus		kuddum
kuhemus	pisin		kuhemus
kuhheeb	pitempi		kuhheeb
kuhháá	kauan		kuhhää
kuhás	kauas		kuhäs
kuittâg	kuitenkin		kuittåg
kukke kuhe, attr. kuhes	pitkä		kukke kuhe, attr. kuhes
kukken	kaukana		kukken
kuldâliđ kuldâl	kuunnella, tunnustella		kuldålidö kuldål
kulen	luona, luota		kulen
kulgâđ kuulgâm kolgá	vuotaa, valua		kulgådö kuulgåm kolgä
kullojeh	kuuluvat		kullojeh
kulluđ kulluum kulloo	kuulua		kulludö kulluum kulloo
kulluuttiđ kullut	kuuluttaa		kulluuttidö kullut
kulmii	kolmesti		kulmii
kulmâlovváád	kolmaskymmenes		kulmålovvääd
kulttuurtáálu –táálu	kulttuuritalo		kulttuurtäälu -täälu
kulâba	kuulepa		kulåba
kulâttiđ kuulât	kuluttaa		kulåttidö kuulåt
kumeštâs	kuume		kumesötås
kumppi kuumpi	susi		kumppi kuumpi
kuoh 'tii	kahdesti		kuoh tii
kuol'gâ kuolgâ	karva		kuolgå kuolgå
kuolijd	kaloja		kuolijd
kuor'riđ kuor'riim kyer'ree	tyhjentää		kuorridö kuorriim kyerree
kuo'rsâttâh kuo'rsâttuv	yskä		kuorsåttåh -uv
kuos'kâđ kuoskâm kuás'ká	koskettaa		kuoskådö kuoskåm kuäskä
kuov'gisruop'sâd, attr. –ruo'psis	vaaleanpunainen		kuovgisruopsåd, attr. -ruopsis
kuov'gâd, attr. kuo'vgis	vaalea		kuovgåd, attr. kuovgis
kuovliistiđ kuovlist	kurkata, kurkista		kuovliistidö kuovlist
kuov'lâđ kuovlâm kuávlá	kurkistaa		kuovlådö kuovlåm kuävlä
kustoo	näköjään		kustoo
kuškiđ kuškiim koškee	kuivattaa		kusökidö kusökiim kosökee
kuškâđ kuuškâm košká	kuivua		kusökådö kuusökåm kosökä
kuuđâd	kuudes		kuudöåd
kuullâđ kuulâm kolá	kulua		kuullådö kuulåm kolä
kuullâđ kuulâm kulá	kuulla		kuullådö kuulåm kulä
kuus	mihin		kuus
kuussân	mihinkään		kuussån
kuuvijd	kuvia, kuviin		kuuvijd
kuuvl	luo		kuuvl
kuvvim	kuvaus		kuvvim
kuvvimtáiđu –tááiđu	kuvaamataito		kuvvimtäidöu –tääidöu
kuád'dá kuádá	tyyny		kuäddä kuädä
kuái'vuđ kuáivum kuái'vu	kaivaa		kuäivudö kuäivum kuäivu
kuál'kki kuálhi mg. koolhij	tyyni		kuälkki kuälhi mg. koolhij
kuá'lásteijee	kalastaja		kuälästeijee
kuá'lástem	kalastaminen		kuälästem
kuá'lástiđ kuáláást	kalastaa		kuälästidö kuälääst
kuáláástmin	kalastamassa		kuäläästmin
kuáp'puđ kuápum kuáp'pu	homehtua		kuäppudö kuäpum kuäppu
kuár'jidiđ kuár'jid	makoilla (esim. koirasta)		kuärjididö kuärjid
kuár'ŋuđ kuárŋum kuár'ŋu 	kiivetä		kuärnöudö kuärnöum kuärnöu 
kuárruđ kuárum kuáru	ommella		kuärrudö kuärum kuäru
kuárus	tyhjä		kuärus
kuás	milloin		kuäs
kuás'sin	koskaan		kuässin
kuá'suttiđ kuásut	pitää vieraana, kestitä		kuäsuttidö kuäsut
kuásán	vieraalle		kuäsän
kuáttuđ kuáđum kuátu	laiduntaa		kuättudö kuädöum kuätu
kuávdáš kuáv'dáá	keskusta		kuävdäsö kuävdää
kuáv'lu kuávlu	suunta, alue		kuävlu kuävlu
kuávlun	kohti		kuävlun
kuávžur kuáv'žur	taimen		kuävzöur kuävzöur
kuáv'žurid	taimenta		kuävzöurid
kyed'diđ kuádám kuád'dá	kantaa		kyeddidö kuädäm kuäddä
kyeđđiđ kuá'đám kuáđá	jättää		kyedödöidö kuädöäm kuädöä
kyeli kye'le mg. kuolij	kala		kyeli kyele mg. kuolij
kyellid	kalaa		kyellid
kyeppir	kopara		kyeppir
kyes'si kyesi mg. kuosij	vieras		kyessi kyesi mg. kuosij
kyevtis kuáh'tás	kaksikko, pari		kyevtis kuähtäs
kähvipakkâ –paakâ	kahvipaketti		kähvipakkå -paakå
kä'hvipuddâ –puudâ	kahvihetki		kähvipuddå -puudå
kä'hviviste –vi'ste	kahvila		kähviviste –viste
käimi kääimi mg. kaaimij	kaima		käimi kääimi mg. kaaimij
kákku kááhu	kakku		käkku käähu
kä'rbismoottor	venemoottori		kärbismoottor
kárgáđ kárgáám kárgáá	karata		kärgädö kärgääm kärgää
kárgámpeivi –peeivi	karkauspäivä		kärgämpeivi -peeivi
Kärjil	Karjala		Kärjil
kárttá ká'rtá	kartta		kärttä kärtä
kárvu káárvu	vaate		kärvu käärvu
kárvudâttâđ	pukea, pukeutua		kärvudåttådö
ká'rvuttiđ káárvut	pukea (joku toinen)		kärvuttidö käärvut
kä'skistiđ kääskist	puraista		käskistidö kääskist
káttu káátu	katto		kättu käätu
kávnojeh	löytyvät		kävnojeh
kävppi käävpi mg. kaavpij	kauppa		kävppi käävpi
käähvi	kahvi		käähvi
käälis kállá	aviomies		käälis källä
käärbis kárbá	vene		käärbis kärbä
káávpán	kauppaan		käävpän
laager	laakeri		laager
laasâ	ikkuna, lasi		laaså
laasâš lassii	lasi (pieni)		laasåsö lassii
laaviđ laaviim läävee	olla tapana		laavidö laaviim läävee
laavlâ lavluu	laulu		laavlå lavluu
lahcâ laavcâ	kerma		lahcå laavcå
lahcâjieŋâ –jieŋâ	jäätelö		lahcåjienöå -jienöå
lahcâpurkki –puurki	kermapurkki		lahcåpurkki -puurki
lahteđ la'vtam lahta	liittää		lahtedö lavtam lahta
laiđiđ laiđiim läiđee	ohjata, taluttaa		laidöidö laidöiim läidöee
laiguuttiđ laigut	vuokrata		laiguuttidö laigut
lajo lajo	lyijy		lajo lajo
lamppu laampu	lamppu		lamppu laampu
lappâd	ohitse, ohi		lappåd
larmâdiđ larmâd	hälyttää		larmådidö larmåd
lasettiđ lasseet	lisätä		lasettidö lasseet
lasettiđ liävtu	lisätä vauhtia		lasettidö liävtu
lasseen	lisäksi		lasseen
lastiksekkâ –seehâ	muovipussi		lastiksekkå -seehå
lasâsikkoo	tuulilasinpyyhkijä		lasåsikkoo
lavkkiđ lavkkiim lävkkee	astua		lavkkidö lavkkiim lävkkee
leđe asto	olla aikaa (tehdä jotain)		ledöe asto
leđe eres uái'vilist	olla toista mieltä		ledöe eres uäivilist
leđe lam lii	olla		ledöe lam lii
leeji leje	läjä		leeji leje
leggistiđ leggist	heittää		leggistidö leggist
lehâstiđ leehâst	aukaista		lehåstidö leehåst
leirâ leeirâ	leiri		leirå leeirå
lekkâđ leehâm liäk'ká	avata		lekkådö leehåm liäkkä
lekkâmtilálâšvuotâ	avajaiset		lekkåmtilälåsövuotå
lekkâsiđ lekkâs	aueta		lekkåsidö lekkås
leškiđ leškiim leškee	kaataa nestettä (kerran)		lesökidö lesökiim lesökee
ličij	olisi		licöij
lieg'giđ lieg'giim lieg'gee	lämmittää		lieggidö lieggiim lieggee
lieg'gânem	lämpeäminen		lieggånem
lieg'gâniđ lieg'gân	lämmetä		lieggånidö lieggån
liegâsvuotâ	lämpötila		liegåsvuotå
lihâdem	liikunta		lihådem
lihâdiđ liihâd	liikkua		lihådidö lihådåm liihåd
lihâttâllâđ	liikutella		lihåttållådö lihåttålåm lihåttål
liijgás	liian		liijgäs
liijká	kuitenkin		liijkä
lijgejyel'gisuor'mâ –suormâ	liikavarvas		lijgejyelgisuormå –suormå
lijgođ li'jgom lijgo	liietä		lijgodö
lijkkojii	tykkäsivät		lijkkojii
lijkkoo uáđimân	pitää nukkumisesta (3. p.)		lijkkoo uädöimån
lijkkuđ lijkkuum lijkkoo	tykätä, pitää jostain		lijkkudö lijkkuum lijkkoo
likkâđ liihâm likká	liikkua		likkådö
limsa li'msa	limsa, limonadi		limsa limsa
limsaputtâl	limsapullo		limsaputtål
linjâšauto –a'uto	linja-auto		linjåsöauto –auto
linjâšautosajattâh –sajattuv	linja-autoasema		linjåsöautosajattåh –sajattuv
lippu liipu	lippu		lippu liipu
listo li'sto	lista		listo listo
li'stottáá	ilman listaa		listottää
litte lite	astia		litte lite
litter	litra		litter
liäh'tu liävtu	vauhti		liähtu liävtu
liäh'tumittár	nopeusmittari		liähtumittär
liähturaijiittâs	nopeusrajoitus		liähturaijiittås
liäi'buđ liäibum liäi'bu	leipoa		liäibudö liäibum liäibu
liäi'bum	leipominen		liäibum
liäk'su liävsu	läksy		liäksu liävsu
lodde lode mg. luudij	lintu		lodde lode mg. luudij
loovdâ lovduu	peitto		loovdå lovduu
lopediđ loppeed	luvata		lopedidö lopedåm loppeed
loppâ loopâ	loppu		loppå loopå
loppâkeeči –keeji	loppupää		loppåkeecöi –keeji
lostâ loostâ	lehti		lostå loostå
lovniđ lovniim luáv'nee	lainata (esim. rahaa)		lovnidö lovniim luävnee
lovnâ loovnâ	laina		lovnå loovnå
loválâš	luvallinen		lovälåsö
luhhoost	onneksi		luhhoost
luholâš	onnekas		luholåsö
luhostuđ luhostuum luhostuvá	onnistua		luhostudö luhostuum luhostuvä
luhâmin	lukemassa		luhåmin
lukko luho	tuuri, onni		lukko luho
lukkâ luuhâ	lukko		lukkå luuhå
lukkâduđ lukkâduum lukkâduvvoo	tulla lukituksi		lukkådudö
lummâ luumâ	tasku		lummå luumå
lumâstis	taskustaan		lumåstis
luod'dâ luodâ	tie, jälki		luoddå luodå
luokka luoka	luokka		luokka luoka
luoppâđ luovâm luápá	luopua		luoppådö 
luossâd	lohta (part.)		luossåd
luosâ	lohi		luoså
luptiđ luptiim loptee	nostaa		luptidö luptiim loptee
lussâd, attr. lusis	painava		lussåd, attr. lusis
lussâd, attr. lusis	painava		lussåd, attr. lusis
luuhâđ luuvâm lohá	lukea		luuhådö luuvåm lohä
luuhâmoornig	lukujärjestys		luuhåmoornig
luumâst	taskusta		luumåst
luusâ	luo		luuså
luvâttâh luvâttuv	lukio		luvåttåh luvåttuv
luámu	loma		luämu
luán'du luándu	luonto		luändu luändu
luáv'diđ luáv'dám luáv'dá	peittää		luävdidö luävdäm luävdä
lyeni lye'ne mg. luonij	roska		lyeni lyene
lye'nilitte –lite	roskakori		lyenilitte –lite
lyeš'tiđ čääsi	laskea vettä		lyesötidö cöääsi
lyeš'tiđ luáštám luáš'tá	laskea, päästää		lyesötidö luäsötäm luäsötä
lye'tittettee	luotettava		lyetittettee
lâi	oli		låi
lâš	lienee		låsö
läittiđ lááitám láittá	valittaa, moittia		läittidö lääitäm läittä
läški lääški mg. laaškij, attr. lä'škis	laiska		läsöki lääsöki, attr. läsökis
lättee	lattia		lättee
lávguđ láávgum lávgu	kylpeä		lävgudö läävgum lävgu
lávgumviste –vi'ste	kylpyhuone		lävgumviste -viste
lávguääldis –áldá	kylpyamme		lävguääldis -äldä
lävkki läävhi	askel		lävkki läävhi
lávluđ láávlum lávlu	laulaa		lävludö läävlum lävlu
lávlumhárjuttâsah	lauluharjoitukset		lävlumhärjuttåsah
lääbis lábbá	karitsa		lääbis läbbä
láátu lááđu	lato		läätu läädöu
Maadâ-Suomâ	Etelä-Suomi		Maadå-Suomå
maađij	tie, maantie		maadöij
maahâ maavâ	lanko		maahå maavå
maailm	maailma		maailm
maainâs mainâs	tarina, juttu		maainås mainås
maainâstmin	kertomassa		maainåstmin
maajeeld	perässä		maajeeld
maaŋgâlágán	monenlainen		maanögålägän
maaŋgânáál	monella tavoin		maanögånääl
maastur	maasturi		maastur
maasâd	takaisin		maasåd
maaššâđ maašâm máášá	malttaa		maasösöådö maasöåm määsöä
maatij	osasi		maatij
maavsij	maksoi		maavsij
maccâđ maacâm máccá	palata		maccådö maacåm mäccä
macâttiđ maaccât	palauttaa		macåttidö
madres	patja		madres
maggaar	millainen		maggaar
mahten	mitenkään		mahten
maid	mitä		maid
maiden	mitään		maiden
maidnii	jotain		maidnii
ma'inâstiđ maainâst	kertoa		mainåstidö mainåståm maainåst
majemustáá	viimeistään		majemustää
majemuš majemuu	viimeinen		majemusö majemuu
mane mane mg. moonij	muna		mane mane
manneen	menemme (kaksikko)		manneen
maŋa	jälkeen		manöa
maŋeláá	myöhemmin		manöelää
maŋgii	usein		manögii
maŋgâ maaŋgâ	monta		manögå maanögå
maŋŋaal	perään		manönöaal
markkân	kylä, markkina		markkån
masa	melkein		masa
masa jo	melkeinpä		masa jo
matematiik	matematiikka		matematiik
matto mato	matto		matto mato
mecci meeci	metsä		mecci meeci
meccijävri –jäävri mg –jaavrij	metsäjärvi		meccijävri –jäävri
meddâl	pois(sa)		meddål
meendu	kovin		meendu
meetaal	metalli		meetaal
meid	myös		meid
meiddei	myös		meiddei
me'rhâšiđ meerhâš	merkitä		merhåsöidö merhåsöåm meerhåsö
me'rhâšume	merkitys		merhåsöume
meridiđ meerrid	päättää, määrätä		merididö meridåm meerrid
merkkuđ merkkuum miär'kkoo	tulla merkityksi		merkkudö
merkkâ meerhâ	merkki		merkkå meerhå
merkkâjienâ –jienâ	äänimerkki		merkkåjienå –jienå
miei'gâđ mieigâm miäi'gá	nojata		mieigådö
miel'd	pitkin, mukaan		mield
miel'di	mukana		mieldi
miel'kki mielhi	maito		mielkki mielhi
mie'lâkiddiivâš	mielenkiintoinen		mielåkiddiivåsö
mielâstân	mielelläni		mielåstån
miettâđ mieđâm miätá	myöntyä		miettådö 
mii juuhlijd	mikä juhla		mii juuhlijd
Mii kulloo?	Mitä kuuluu?		Mii kulloo?
mii peri	mikä vain		mii peri
miiguin	meidân kanssamme		miiguin
miinut	minuutti		miinut
mineraalčääci –čääsi mg. –čaasij	mineraalivesi		mineraalcöääci –cöääsi
mittediđ mitted	mitata		mittedidö kumesötås
miä'cástiđ miäccást	metsästää		miäcästidö
miä'cástuđ miä'cástuum miä'cástuvvoo	tulla metsästetyksi		miäcästudö
miärkká miärhá	sumu		miärkkä
mokke mohe mg. muuhij	mutka		mokke mohe
molsođ mo'lsom molso	vaihtaa		molsodö molsom molso
mondiet	miksi		mondiet
monitor	näyttö		monitor
monniđ monniim mannee	munia		monnidö
monnii suujâst	jostain syystä		monnii suujåst
monnjâjyelgih	takajalat		monnjåjyelgih
moodeem	modeemi		moodeem
moolsânkassâ –kaasâ	vaihdelaatikko		moolsånkasså –kaaså
moonijd	munia		moonijd
moonnâđ moonâm mana	mennä		moonnådö moonåm mana
moonnâp	menemme (monikko)		moonnåp
moorrâđ moorâm muárá	murtaa (jäätä)		moorrådö
moottorkiäl'kká –kiälhá	moottorikelkka		moottorkiälkkä – kiälhä
moottorpyerá	moottoripyörä		moottorpyerä
moovtâ	innoissaan		moovtå
mopo	mopo		mopo
morruđ morruum muár'roo	murtua		morrudö morruum muärroo
morrui	murtui		morrui
motomij	eräiden		motomij
motomijn	muutamista, muutamilla		motomijn
motomin	joskus		motomin
mottoom	eräs, muutama		mottoom
muččâd, attr. mučis	kaunis		mucöcöåd, attr. mucöis
muččâdubbooht	kauniimmin		mucöcöådubbooht
muččâdávt	kauniisti		mucöcöådävt
mudoi	muuten (vain)		mudoi
mudoi-uv 	muutenkin		mudoi-uv 
mudágávt	sopivasti		mudägävt
muide	muuta		muide
muiviđ muiviim moivee	sekoittaa		muividö muiviim moivee
muivij	sekoitti		muivij
mulde mu'lde	multa		mulde mulde
munnust	meillä (kaksikko)		munnust
muor'riđ muor'riim myer'ree	tehdä puutöitä		muorridö muorriim myerree
muorâ muorâ	puu		muorå muorå
muo'râpittá –pitá	puunpala		muoråpittä –pitä
muo'râsäggi mg. –saagij	puutikku		muoråsäggi
muotâ muot'tuu	lumi		muotå muottuu
muo'tâkerdi –keerdi	lumikerros		muotåkerdi -keerdi
muo'tâpurgâ –puurgâ	lumipyry		muotåpurgå –puurgå
mu'šte	muista (käskymuoto)		musöte
mušteđ mu'štám muštá	muistaa		musötedö musötäm musötä
mušto mu'što	muisti		musöto musöto
muštâliđ muštâl	kertoa		musötålidö musötålåm musötål
mut	mutta		mut
mutteđ mutám muttá	muuttaa joksikin		muttedö mutäm muttä
muttuđ muttuum muttoo	muuttua		muttudö muttuum muttoo
muu mielâst	minun mielestäni		muu mielåst
muuneeld	etukäteen		muuneeld
muusik	musiikki		muusik
muusikpittá	musiikkikappale		muusikpittä
muusiktábáhtume	musiikkitapahtuma		muusiktäbähtume
muád'di muádi	pari, muutama		muäddi muädi
muáđuh	kasvot		muädöuh
myer'ji myerji mg. muorjij	marja		myerji myerji
myerssee	morsian		myerssee
myet'tiđ muátám muát'tá	sataa lunta		myettidö muätäm muättä
myslipakkâ –paakâ	myslipaketti		myslipakkå -paakå
mäddi	etelä		mäddi
mäksiđ máávsám máksá	maksaa		mäksidö määvsäm mäksä
mälisoljo –o'ljo	ruokaöljy		mälisoljo -oljo
mälistem	ruuan laittaminen		mälistem
mälistiđ määlist	laittaa ruokaa		mälistidö mäliståm määlist
mánuppaje	kuukausi		mänuppaje
märfi määrfi mg. maarfij	makkara		märfi määrfi
mätki määđhi mg. maađhij	matka		mätki määdöhi
mättiđ máátám máttá	osata		mättidö määtäm mättä
máttáátteijee	opettaja		mättäätteijee
máttááttiđ máttát	opettaa		mättäättidö
määli määli mg. maalij	keitto		määli määli
mááláđ mááláám mááláá	maalata		määlädö määlääm määlää
máátu mááđu	mato		määtu määdöu
na	no		na
naa	niin (myöntävä vastaus)		naa
naavit	navetta		naavit
nabdeđ na'bdam nabda	väittää, nimittää		nabdedö
naver nahhaar	uni		naver nahhaar
nelgi	nälkä		nelgi
neljii	neljä kertaa		neljii
niei'dâ nieidâ	tyttö		nieidå nieidå
niei'dâskippáár	tyttöystävä		nieidåskippäär
niev'dih	näit unta		nievdih
niev'dâđ nievdâm niäv'dá 	nähdä unta		nievdådö nievdåm niävdä 
nie'vdâškyet'tiđ –škuá'đám –škuát	alkaa nähdä unta		nievdåsökyettidö –sökuädöäm –sökuät
nie'vris šoŋŋâ	huono sää		nievris söonönöå
nijbe ni'jbe	veitsi		nijbe nijbe
nijbijn	veitsellä		nijbijn
niske ni'ske	niska		niske niske
nissoon	nainen		nissoon
njaajâ njaajâ	savi		njaajå njaajå
njaavgâs njavgâs	nau'unta		njaavgås njavgås
njaddeđ njadam njadda	maistua		njaddedö
njalahistiđ	liukastua		njalahistidö njalahistäm njalahist
njalaniđ njallaan	nilota		njalanidö njallaan
njaŋgađ njaŋgaam njaŋgaa	loikoilla		njanögadö
njavkkâđ njaavhâm njávkká	silittää (esim. kissaa)		njavkkådö
njeidiđ njiäidám njiäi'dá	kaataa		njeididö njiäidäm njiäidä
(mun) njeidim	(minä) kaadoin		njeidim
njiellâđ njielâm njiälá	niellä		njiellådö
njiihâđ njiivâm njihá	kallistua, taipua		njiihådö
njuhčâ njuuvčâ	joutsen		njuhcöå njuuvcöå
njune njune	nenä		njune njune
njunelijne –li'jne	nenäliina		njunelijne
njuol’giđ njuol’giim njyel’gee	suoristaa		njuol’gidö njuol’giim njyel’gee
njuol'gist	suorassa, suoraan		njuolgist
njuos'kâđ njuoskâm njuás'ká	kastua		njuoskådö
njuoskâs njuos’kâs	märkä		njuoskås njuos’kås
njuovčâ njuoh'čâm	kieli (elin)		njuovcöå njuohcöåm
njuovvâđ njuovâm njuává	nylkeä		njuovvådö njuovåm njuävä
nju'rgottâllâđ	vihellellä		njurgottållådö njurgottålåm njurgottål
njuškiđ njuškiim njuškee	hypätä		njusökidö njusökiim njusökee
njuškođ nju'škom njuško	hyppiä		njusökodö
nj'uškottâllâđ	hypittää		njusökottållådö njusökottålåm njusökottål
njuálluđ njuálum njuálu	nuolla		njuälludö njuälum njuälu
njuám'mil	jänis		njuämmil
njuám'mootavdâ	tarttuva tauti		njuämmootavdå
njuámmuđ njuámum njuámu	tarttua		njuämmudö
njä'lgisilddee	makeishylly		njälgisilddee
njä'lgissekkâ –seehâ	karkkipussi		njälgissekkå -seehå
njálgáh	makeiset		njälgäh
njálgáid	makeisia		njälgäid
njálgásub	paremman makuinen		njälgäsub
njälmi njäälmi mg. njaalmij	suu		njälmi njäälmi
njávgum	nau'unta		njävgum
njäähi njäävi mg. njaavij	made		njäähi njäävi
njäälgis njálgá	makeinen		njäälgis njälgä
njäälgis njálgá, attr. njaalgâ	hyvänmakuinen, makea		njäälgis njälgä, attr. njaalgå
nohádiđ nohháád	nukahtaa		nohädidö nohädåm nohhääd
nommâ noomâ	nimi		nommå noomå
nommâpeivi –peeivi	nimipäivä		nommåpeivi -peeivi
nommâsâš nommâsii	niminen		nommåsåsö nommåsii
nomâttâs	nimitys		nomåttås
noomâs	nimensä		noomås
nubbe nube	toinen		nubbe nube
nube tááhust	toisaalta		nube täähust
nuo'lâdâttâđ	riisuutua		nuolådåttådö –dådöåm –dåt
nuorttâ	itä		nuorttå
nuor'ttâlâš nuor'ttâlii	koltansaamelainen		nuorttålåsö nuorttålii
nuor'ttâlâškielâ –kielâ	koltansaame		nuorttålåsökielå -kielå
nuorâ nuorâ, attr. nuo'râ	nuori		nuorå nuorå, attr. nuorå
nuorâb	nuorempi		nuoråb
nurkke nu'rhe	nurkka		nurkke nurhe
nuubán	toiseen		nuubän
nuuhâđ nuuvâm nohá	loppua		nuuhådö nuuvåm nohä
nuuhâm	loppunut		nuuhåm
nuurrâđ nuurâm norá	kerätä		nuurrådö
nuuvt	niin		nuuvt
nuuvt vâi	niinkö		nuuvt våi
nuuvtko	niin kuin		nuuvtko
nuuvâi	loppui		nuuvåi
nuá'iguttiđ nuáigut	nyökyttää		nuäiguttidö
nuárvui nuor'vuu	nuha		nuärvui nuorvuu
nyev't	noin		nyevt
nággár, attr. nággáris	sinnikäs		näggär, attr. näggäris
nággárávt	ankarasti		näggärävt
nähki näähki mg. naahkij	nahka		nähki näähki
nánnáá, attr. nánnáás	kiltti		nännää, attr. nännääs
návt	näin		nävt
nááđđuđ nááđum nááđu	juroa, käpertyä		näädödöudö näädöum näädöu
náálá	näköinen, oloinen, tuntuinen		näälä
occeen	etsimme (kaksikko)		occeen
ohcelov	yhdeksänkymmentä		ohcelov
ohjelm	ohjelma		ohjelm
oholoppâ –loopâ	viikonloppu		oholoppå –loopå
ohtii	kerran		ohtii
ohtsis	yhteensä		ohtsis
ohtuu	yksin		ohtuu
ohtânmaanoost	yhteenmenoon		ohtånmaanoost
oinim	näin		oinim
oinuđ oinuum uái'noo	näkyä		oinudö oinuum uäinoo
oles	kokonainen		oles
olgoláá	kauempana		olgolää
olgon	ulkona		olgon
olgopusseer	ulkotakki		olgopusseer
o'lgos	ulos		olgos
o'lgoskulij	ulospäin		olgoskulij
oljo o'ljo	öljy		oljo oljo
olleeđ olám olá	yltää		olleedö
olluv, attr. ollâ	korkea		olluv
ollâ ahe	korkea ikä		ollå ahe
ollágin	ollenkaan		ollägin
olmooš ulmuu	ihminen		olmoosö ulmuu
olmâ oolmâ	oikea		olmå oolmå
olssis	itselleen		olssis
onne	tänään		onne
oŋâttâllâđ	kurkotella		onöåttållådö onöåttålåm onöåttål
oođđih	nukuit		oodödöih
oolâ	päälle		oolå
oomeensäppi –sääpi mg. –saapij	omenamehu		oomeensäppi -sääpi
oomâs ommâs, attr. omâs	outo		oomås ommås, attr. omås
oornigist	kunnossa		oornigist
oosijd	osia		oosijd
oovdeb	aikaisempi		oovdeb
oovdebpeeivi	toissapäivänä		oovdebpeeivi
oovdeld	vastaan (edeltäpäin)		oovdeld
oovdâst	edessä		oovdåst
oovtsaajeest	yhdessä paikassa, paikoillaan		oovtsaajeest
oovtsuundág	yksisuuntainen		oovtsuundäg
oovtâ pääđist	yhdessä padassa		oovtå päädöist
oppeet	taas		oppeet
oppâđ oopâm uáp'pá	oppia		oppådö
orjâlâš	pohjoissaamelainen		orjålåsö
orjâlâškielâ –kielâ	pohjoissaame		orjålåsökielå -kielå
orniđ orniim uár'nee	järjestää		ornidö orniim uärnee
oro hettiimin	näytä vaivaavan		oro hettiimin
oro lemin	tuntuu olevan, näyttää olevan		oro lemin
oroh uá'pisin	vaikutat tutulta		oroh uäpisin
orostiđ ooroost	pysähtyä		orostidö oroståm ooroost
orostâh orostuv	pysäkki		oroståh orostuv
orroođ orom oro	olla, pysyä		orroodö
orroođ ilgâdin	tuntua inhottavalta		orroodö ilgådin
orroomviste –vi'ste	olohuone		orroomviste -viste
oskođ o'skom osko	uskoa		oskodö oskom osko
o'skoldâh o'skolduv	uskonto		oskoldåh –oskolduv
ostum	ostettu		ostum
ostâđ oostâm asta	olla aikaa, ehtiä		ostådö ooståm asta
o'vdemustáá	ensimmäiseksi		ovdemustää
ovdil	ennen		ovdil
ovdil Kristus (oKr.)	ennen Kristusta		ovdil Kristus (oKr.)
ovdilgo	ennen kuin		ovdilgo
o'vdâskulij	eteenpäin		ovdåskulij
ovdániđ ovdán	edetä		ovdänidö ovdänåm ovdän
Ovtâstum aalmugeh	Yhdistyneet kansakunnat		Ovtåstum aalmugeh
ožžum	sain		ozözöum
paaldân	viereen		paaldån
paaldâst	vieressä		paaldåst
paargâs pargâs	parku		paargås pargås
paarâ paarâ	pari		paarå paarå
paasij	jäi		paasij
paccâđ paacâm páccá	laueta		paccådö paacåm päccä
paččuđ paččuum páččoo	tulla ammutuksi		pacöcöudö
paddiđ paddiim päddee	nauhoittaa		paddidö paddiim päddee
paddimpiergâs –pier'gâs	nauhuri		paddimpiergås
pahheeđ pavam paha	nyppiä		pahheedö 
paijeel	yli		paijeel
paimâđ paaimâm páimá	toistaa		paimådö
pajalist	päällä		pajalist
pajalâs	jälkiruoka		pajalås
pajaniđ paijaan	nousta		pajanidö pajanåm paijaan
pajediđ paajeed	nostaa		pajedidö
pajekerdi –keerdi	yläkerta		pajekerdi –keerdi
pajerobdâ –roobdâ	yläreuna		pajerobdå -roobdå
pakkađ pakkaam pakkaa	pakata		pakkadö
pakkeet	paketti		pakkeet
pakkâ	kuuma (tunne)		pakkå
palhijn	palkalla		palhijn
palijdiđ paalijd	höpöttää		palijdidö palijdåm paalijd
pallađ pallaam pallaa	pelästyä		palladö pallaam pallaa
pallâđ paalâm pállá	tarjeta		pallådö paalåm pällä
pamppađ pamppaam pamppaa	puhua sekavia		pamppadö
paŋkki paaŋki	pankki		panökki paanöki
pappaattiđ pappat	puputtaa (jäniksen ääntelyä)		pappaattidö
pappâ paapâ	pappi		pappå paapå
pappâl	pappila		pappål
pardeđ pa'rdam parda	latoa		pardedö
parfađ parfaam parfaa	törröttää		parfadö
pargee	työntekijä		pargee
pargo pa'rgo	työ		pargo pargo
pargopeivi –peeivi	työpäivä		pargopeivi –peeivi
pargopáájá	työpaja		pargopääjä
pargoskippáár	työtoveri		pargoskippäär
pa'rgottem, attr. pa'rgottes 	työtön		pargottem, attr. pargottes 
pargoviste –vi'ste	työhuone		pargoviste -viste
parohávt	nopeasti		parohävt
parttâšuđ parttâšuum parttâšuvá	joutua onnettomuuteen		parttåsöudö
pase pase mg. poosij	pyhä		pase pase mg. poosij
passeeđ pasam pasa	paistaa		passeedö pasam pasa
pasta pa'sta	pasta		pasta pasta
pastem	lusikka		pastem
patârâsân	karkuun		patåråsån
peeccih peccih	kalan pyrstö		peeccih peccih
peeleest	puolesta		peeleest
peeli pele	puoli		peeli pele
peenuv pennuu	koira		peenuv pennuu
peerrâđ peerâm piärá	periä		peerrådö
peerâ perruu	perhe		peerå perruu
peessih	(sinä) pääsit		peessih
peessâđ peesâm piäsá	päästä		peessådö peesåm piäsä
peht	kohdalla, kohdalta		peht
peic	paitsi		peic
peivi peeivi	päivä		peivi peeivi
peivijd	päiville		peivijd
peivilaasâ	aurinkolasi		peivilaaså
peivinaver –nahhaar	päiväuni		peivinaver –nahhaar
pel	puoli		pel
peldi peeldi	pelti		peldi peeldi
pelimuddo –mudo	puoliväli		pelimuddo -mudo
pe'ljittuđ pe'ljittuum pe'ljittuvá	tulla kuuroksi		peljittudö
pelle	pelle		pelle
pennâ peenâ	kynä		pennå
pennâskippáár	kirjeystävä		pennåskippäär
penssel	sivellin		penssel
peri	vain		peri
perrui	perheelle		perrui
persovnauto –a'uto	henkilöauto		persovnauto –auto
perttuđ perttuum piär'ttoo	vaania		perttudö perttuum piärttoo
pessijááh	pääsiäinen		pessijääh
pesâččij	pääsisi		pesåcöcöij
picca pica	pizza		picca pica
pieg'gâ piegâ 	tuuli		pieggå piegå 
pieg'gâđ piegâm piäg'gá	tuulla		pieggådö piegåm piäggä
pieg'gâskappi –skaapi	tuulikaappi		pieggåskappi -skaapi
pieijâđ piejâm piäjá	panna		pieijådö piejåm piäjä
piejâ	pane		piejå
piem'mâđ piemâm piäm'má	ruokkia		piemmådö piemåm piämmä
pier'gejih	pärjäsit		piergejih
pier'giđ pier'giim pier'gee	pärjätä		piergidö piergiim piergee
piergâs pier'gâs	laite		piergås piergås
pihvi piihvi	pihvi		pihvi piihvi
piištij	kesti		piisötij
piivdus pivdus	pyydys		piivdus pivdus
piivtâs pihtâs	vaate		piivtås pihtås
pillediđ pilled	pilata		pilledidö
pillâšuđ pillâšuum pillâšuvá	mennä pilalle		pillåsöudö
pirrâ táálu	ympäri taloa		pirrå täälu
pirâsoppâ –oopâ	ympäristöoppi		piråsoppå –oopå
pisoi	pysyi		pisoi
pisso piso	pyssy		pisso piso
pissoin	pyssyllä		pissoin
pissoođ pisom piso	pysyä		pissoodö pisom piso
pišteđ pi'štám pištá	kestää (ajasta)		pisötedö pisötäm pisötä
pitteeđ piđám pitá	pärjätä jollekin		pitteedö pidöäm pitä
pitteen	pärjäämme (kaksikko)		pitteen
pittá pitá	pala		pittä pitä
pitážin	paloiksi		pitäzöin
pivdeđ pi'vdám pivdá	pyytää		pivdedö pivdäm pivdä
pivdoäigi –ääigi mg. –aaigij	pyyntiaika		pivdoäigi -ääigi mg. -aaigij
pi'vtâsskappi –skaapi	vaatekaappi		pivtåsskappi -skaapi
pi'vtâsviste –vi'ste	vaatehuone		pivtåsviste -viste
pivâldiđ piivâld	lauhtua		pivåldidö pivåldåm piivåld
pivâldij	lauhtui		pivåldij
pivâstuđ pivâstuum pivâstuvá	hikoilla		pivåstudö
pivâstâh pivâstuv	hiki		pivåståh pivåstuv
pizza piza	pizza		pizza piza
piä'ivádâh piä'iváduv	aurinkoinen sää		piäivädåh piäiväduv
piäiváš piäi'váá	aurinko		piäiväsö piäivää
piäl'lást	vieressä		piälläst
piär'gu piärgu	liha		piärgu piärgu
piär'gumääli –määli mg. –maalij	lihakeitto		piärgumääli –määli
piäš'káđ piäš'káám piäš'káá	pamahtaa		piäsökädö
poccuuh	porot		poccuuh
poccuupiär'gu –piärgu	poronliha		poccuupiärgu piärgu
polvâ poolvâ	pilvi		polvå poolvå
polvâloovdâ –lovduu	pilvipeite		polvåloovdå
ponemuš ponemuu	pohjimmainen		ponemusö ponemuu
poođijn	tulivat		poodöijn
poolis	poliisi		poolis
poollâđ poolâm pala	pelätä		poollådö poolåm pala
poossâđ poosâm pasa	pestä		poossådö poosåm pasa
poovij puáh'háá	vyö		poovij puähhää
po'rgâččij	tekisi		porgåcöcöij
porgâđ poorgâm parga	tehdä (työtä)		porgådö poorgåm parga
porgâmin	tekemässä		porgåmin
porkkansekkâ –seehâ	porkkanapussi		porkkansekkå -seehå
porthâš portháá	porras		porthåsö porthää
porá-uv	syökin		porä-uv
possoođ posom poso	puhaltaa		possoodö posom poso
possum	paistettu		possum
postâ poostâ	posti		postå poostå
posâdâttâđ	peseytyä		posådåttådö
potkâniđ potkân	katketa		potkånidö potkånåm potkån
pottáák	peruna		pottääk
potákkijd	perunoita		potäkkijd
potássekkâ –seehâ	perunapussi		potässekkå -seehå
po'včâgiđ poovčâg	tulla kipeäksi		povcöågidö poovcöåg
po'včâstaalhâs –talkkâs	särkylääke		povcöåstaalhås –talkkås
po'včâstiđ poovčâst	käydä kipeää		povcöåstidö povcöåståm poovcöåst
povdiđ povdiim puáv'dee	kutsua (kylään)		povdidö povdiim puävdee
povvâstiđ povvâst	nauraa		povvåstidö povvåståm povvåst
puddâ puudâ	hetki, väli		puddå puudå
puđâldâs	harrastus		pudöåldås
puhelin	puhelin		puhelin
puksâ puuvsâ	housu		pukså puuvså
pumbulsäggi	pumpulipuikko		pumbulsäggi
puŋkkáđ puŋkkáám puŋkkáá	kolahtaa, satuttaa		punökkädö
puoccâđ puosâm puácá	sairastaa		puoccådö 
puoh	kaikki		puoh
puohlágán	kaikenlainen		puohlägän
puoh'tuđ puoh'tuum puáh'too	tulla tuoduksi		puohtudö puohtuum puähtoo
puolâš puollâš	pakkanen		puolåsö puollåsö
purgâđ puurgâm purgá	pyryttää		purgådö
purjâskäärbis –kárbá	purjevene		purjåskäärbis –kärbä
purkki puurki	purkki		purkki puurki
purruum purruum porroo	tulla syödyksi		purruum purruum porroo
purrâmâš	ruoka		purråmåsö
purrâmâšlisto –li'sto	ruokalista		purråmåsölisto –listo
purâdem	ruokailu		purådem
purâdemtijme –ti'jme	ruokatunti		purådemtijme
purâdemviste –vi'ste	ruokala		purådemviste –viste
purâdiđ puurâd	ruokailla, aterioida		purådidö purådåm puuråd
purâstiđ puurâst	syödä nopeasti		puråstidö puråståm puuråst
pusseer	takki		pusseer
puško pu'ško	hauki		pusöko pusöko
putes puttá	puhdas		putes puttä
putestiđ putteest	puhdistaa		putestidö puteståm putteest
puttâl	pullo		puttål
puuhâđ puuvâm pohá	porata		puuhådö puuvåm pohä
puunnjâđ puunjâm ponjá	vääntää		puunnjådö
puurrâđ puurâm porá	syödä		puurrådö puuråm porä
puurrâm	syönyt		puurråm
puurrâmlusto –lu'sto	ruokahalu		puurråmlusto
puussum	puhalsin		puussum
puuvsah	housut		puuvsah
puáđi	tule (käskymuoto)		puädöi
puáđi kolliđ	tule kylään		puädöi kollidö
puáđus puáttus	tulos		puädöus puättus
puál'lupevdi –peevdi	kojelauta, näppäimistö		puällupevdi –peevdi
puáris puár'rás, attr. puá'ris	vanha		puäris puärräs, attr. puäris
puá'rásuboh	vanhemmat (komparatiivi)		puäräsuboh
puá'stu	väärä		puästu
puá'stu peln	väärällä puolen		puästu peln
puás'tud	väärin		puästud
puásui poccuu	poro		puäsui poccuu
puá'suia'lmai –almaa	poromies		puäsuialmai –almaa
puá'suipargo	porotyö		puäsuipargo
puátih	tulevat		puätih
puát'tee	tuleva		puättee
puáttiđ puá'đám puátá	tulla		puättidö puädöäm puätä
puávtáččijm	voisimme (monikko)		puävtäcöcöijm
pyecceiviäsu	sairaala		pyecceiviäsu
pyeh'tiđ puávtám puáh'tá	voida, pystyä		pyehtidö puävtäm puähtä
pyelliđ puá'lám puálá	palaa		pyellidö puäläm puälä
pyerebáid	paremmille		pyerebäid
pyereeb	parempi		pyereeb
pyereest	hyvin		pyereest
pye'ri eehid	hyvää iltaa		pyeri eehid
pye'ri mielâst	hyvällä tuulella		pyeri mielåst
pye'ri peivijotkâ	hyvää päivänjatkoa		pyeri peivijotkå
pyeri pye're, attr. pye'ri	hyvä		pyeri pyere, attr. pyeri
pye'ripuáttim	tervetuloa		pyeripuättim
päddi päädi mg. paadij	naru		päddi päädi
päddikešpurrâmâš	narunpääruoka		päddikesöpurråmåsö
pággu páágu	pakko		päggu päägu
päiđi pääiđi mg. paaiđij	paita		päidöi pääidöi
päikki pääihi mg. paaihij	koti		päikki pääihi
päikkikissá –kisá	kotikissa		päikkikissä –kisä
päikkipurrâmâš	kotiruoka		päikkipurråmåsö
päkki päähi mg. paahij	patti		päkki päähi mg. paahij
pälgisčuovâ čuovâ	polun valo		pälgiscöuovå
pälkki päälhi mg. paalhij	palkka		pälkki päälhi
pálkkááttiđ pálkkát	palkata		pälkkäättidö
pállu páálu	pallo		pällu päälu
pänikustâ –kuustâ	hammasharja		pänikustå -kuustå
pánnu páánu	pannu		pännu päänu
pärnikeččee	lastenvahti		pärnikecöcöee
párnáijuhle	lastenjuhla		pärnäijuhle
pärtti päärti mg. paartij	onnettomuus		pärtti päärti mg. paartij
párttáá, attr. párttáás	onnettomuuksiin herkästi joutuva		pärttää, attr. pärttääs
päštiđ pá'štám páštá	paistaa (aurinkosta)		päsötidö pääsötäm päsötä
páv'kkuđ páávkum pávkku	paukkua		pävkkudö päävkum pävkku
pääcciđ páásám páácá	jäädä		pääccidö pääsäm pääcä
pääččiđ páájám pááčá	ampua		pääcöcöidö
pááihui	paikoin		pääihui
päälgis pálgá	polku		päälgis pälgä
pääni pääni mg. paanij	hammas		pääni pääni
páárnáš párnáá	lapsi		päärnäsö pärnää
pääti pääđi mg. paađij	pata		pääti päädöi
päävir páppár	paperi		päävir päppär
raailâs railâs	tikas		raailås railås
raattân	kolina		raattån
raavâ ravvuu 	neuvo, ohje		raavå ravvuu 
raččođ račom raččo	purkaa		racöcöodö racöom racöcöo
radion	radioon		radion
radioto'imâtteijee	radiotoimittaja		radiotoimåtteijee
rahttâtteh	valmistautuvat (monikko)		rahttåtteh
rahttâttâđ rahttâđâm rahttât	valmistautua (lähtöön)		rahttåttådö rahttådöåm rahttåt
rahtum	tehty		rahtum
railâseh	tikapuut		railåseh
rammuđ rammuum rámmoo	kehua		rammudö rammuum rämmoo
rasijâš rasijáá	rasia		rasijåsö rasijää
raskiđ raskiim räskee	raaskia		raskidö 
raše	kipeä		rasöe
raššoođ rašom rašo	kipeytyä		rasösöoodö
ratkuuttâh ratkuuttuv	risteys		ratkuuttåh ratkuuttuv
ravintola	ravintola		ravintola
ravviđ ravviim rävvee	neuvoa		ravvidö ravviim rävvee
reeseept	resepti		reeseept
rekinistemmaašin	taskulaskin		rekinistemmaasöin
rekinistiđ	laskea		rekinistidö rekinistäm rekinist
rekka reka	rekka		rekka reka
reŋguđ reŋguum riäŋ'goo	olla renkinä, apuna		renögudö 
riddo rido	ranta		riddo rido
riemmâđ riemâm riämá	ryhtyä		riemmådö
riemnjis riäm'njá	kettu		riemnjis riämnjä
rievtis, attr. rie'vtis	oikea, todellinen		rievtis, attr. rievtis
riges riggá	rikas		riges riggä
riggásubboin-uv	rikkaammiltakin		riggäsubboin-uv
rijdo ri'jdo	riita		rijdo rijdo
rijjâäigi –ääigi	vapaa-aika		rijjåäigi –ääigi
riššo rišo	suihku		risösöo risöo
riän'duđ riändum riän'du	lähteä vastentahtoisesti		riändudö riändum riändu
robdâ roobdâ	reuna		robdå roobdå
rohhááttiđ rohhát	hyökätä		rohhäättidö rohhäättåm rohhät
roossâđ roosâm rasa	hommata		roossådö roosåm rasa
roovvâdäigi –ääigi	rykimäaika		roovvådäigi -ääigi
rosâmin	hommaamassa		rosåmin
rottâsiđ rottâs	rakoilla		rottås
ruđâttáá	ilman rahaa		rudöåttää
ruggâđ ruugâm roggá	kaivaa		ruggådö
ruok'kâđ ruohâm ruák'ká	raapia		ruokkådö ruohåm ruäkkä
ruop'sâd, attr. ruo'psis	punainen		ruopsåd, attr. ruopsis
ruop'sâdin	punaiseksi		ruopsådin
ruot'tâđ ruotâm ruát'tá	ravata		ruottådö ruotåm ruättä
ruškâd, attr. ru'škis	ruskea		rusökåd, attr. rusökis
ruttiđ ruttiim rottee	vetäistä		ruttidö ruttiim rottee
ruttâ ruuđâ	raha		ruttå ruudöå
ruttâtile –tile	rahatilanne		ruttåtile -tile
ruvâšleibi –leeibi	ruisleipä		ruvåsöleibi -leeibi
ruánáá	vihreä		ruänää
ruáp'sáđ ruáp'sáám ruáp'sáá	punoittaa		ruäpsädö ruäpsääm ruäpsää
ruáš’káđ ruáš’káám ruáš’káá	rysähtää		ruäsö’kädö ruäsö’kääm ruäsö’kää
ruá'tálâšvuotâ –vuođâ	ruotsalaisuus		ruätälåsövuotå -vuodöå
ryev'di ryevdi mg. ruovdij	rauta		ryevdi ryevdi
rá’vhálâš rá’vhálii	rauhallinen		rä’vhälåsö rä’vhälii
ráđádâllâđ	neuvotella		rädöädållådö –dålåm –dål
rähtiđ rááhtám ráhtá	tehdä		rähtidö räähtäm rähtä
räi	asti		räi
ráiđutáálu –táálu	rivitalo		räidöutäälu –täälu
räigi rääigi mg. raaigij	reikä		räigi rääigi
ránnjá ráánjá	naapuri		rännjä räänjä
rávdu ráávdu	rautu		rävdu räävdu
rá'vhálávt	rauhallisesti		rävhälävt
Rávnár	(nimi)		Rävnär
räähis rákkás, attr. rähis	rakas		räähis räkkäs, attr. rähis
rááhuđ ráávum rááhu	raakkua		räähudö
rääigin	reikäinen		rääigin
räänis, attr. ränis	harmaa		räänis, attr. ränis
rááppuđ ráávum ráápu	raapia		rääppudö räävum rääpu
räätis ráttá	pyörä, ratas		räätis rättä
saalaat	salaatti		saalaat
saalâs saallâs 	saalis		saalås saallås 
sahhiittâllâđ	haastatella		sahhiittållådö sahhiittålåm sahhiittål
saibâ saaibâ	saippua		saibå saaibå
saje saje mg. soojij	paikka		saje saje
salkkiđ salkkiim sälkkee	tyhjentää (esim. astiasta)		salkkidö
sappe sape mg. soopij	luutu, rätti		sappe sape
sattuđ sattuum sáttoo	sattua		sattudö sattuum sättoo
sattui	sattui		sattui
Satuin	Satun kanssa		Satuin
savâstâlluđ savâstâlluum savâstâlluvvoo	tulla keskustelluksi		savåstålludö
savâstâllâđ	keskustella		savåstållådö
seggi seegi, attr. segis	ohut (puusta, tms.)		seggi seegi, attr. segis
seibi seeibi	häntä		seibi seeibi
seini seeini	seinä		seini seeini
sekkâ seehâ	pussi, säkki		sekkå seehå
selgivepsi –veepsi	selkäevä		selgivepsi -veepsi
sello selo	sello		sello selo
selloin	sellon kanssa		selloin
sentti seenti	sentti		sentti seenti
seŋgâ seeŋgâ	sänky		senögå seenögå
septi seepti	syötti		septi seepti
servikodde –kode	seurakunta		servikodde -kode
sevŋâd, attr. se'vŋis	pimeä		sevnöåd, attr. sevnöis
sevŋâdâs	pimeys		sevnöådås
si'đhes sitkás, attr. si'đhes	sitkeä		sidöhes sitkäs, attr. sidöhes
sie'min	pienen pieni		siemin
siemâ siemmân	siemen		siemå siemmån
sierâ	lelu		sierå
sie'râpeenuv –pennuu	leikkikoira		sieråpeenuv –pennuu
siholdâs	pyyhe		siholdås
siijdâst	kylästä		siijdåst
siisâ	sisälle, sisään		siiså
siisâpeessâm	sisäänpääsy		siisåpeessåm
sijdâ siijdâ	kylä		sijdå siijdå
sijđo si'jđo	sivu		sijdöo sijdöo
sijvub	hiljaisempi		sijvub
sijvuu, attr. sijvuus	hiljainen		sijvuu, attr. sijvuus
sikkođ sihom sikko	pyyhkiä		sikkodö sihom sikko
sirdeđ si'rdám sirdá	siirtää		sirdedö sirdäm sirdä
si'skáldâs	sisältö		siskäldås
siste	sisällä		siste
siäi'vuđ siäivum siäi'vu	laskeutua (lennosta)		siäivudö siäivum siäivu
siäm'mást	samalla		siämmäst
siäm'máš siäm'máá	sama		siämmäsö siämmää
siäm'máá	yhtä, saman		siämmää
siäm'máábeln	samalla puolella		siämmääbeln
siäm'máálágán	samanlainen		siämmäälägän
skammâ skaamâ	kaamos		skammå skaamå
skandinaavlâš skandinaavlii	skandinaavinen		skandinaavlåsö skandinaavlii
skappuđ skappuum skáppoo	hankkia		skappudö skappuum skäppoo
skeŋkkiđ skeŋkkiim skeŋkkee	lahjoittaa		skenökkidö skenökkiim skenökkee
skeŋkkâ skeeŋkâ	lahja		skenökkå skeenökå
skerččâhaajâ –haajâ	palaneen käry		skercöcöåhaajå –haajå
skippáár	kaveri, ystävä		skippäär
skipárijguin	kavereiden kanssa		skipärijguin
skuá'lkuttiđ skuálkut	kolkuttaa, koputtaa		skuälkuttidö skuälkuttåm skuälkut
skuáp'pu skuápu	kotelo		skuäppu skuäpu
smakkiđ smakkiim smäkkee	maistaa		smakkidö smakkiim smäkkee
smiet'tâđ smietâm smiät'tá	miettiä		smiettådö smietåm smiättä
snyeri snye're	nyöri (rukin)		snyeri snyere
sohva so'hva	sohva		sohva sohva
soitâččiđ sooitâš	soitella		soitåcöcöidö
soksâmeh	karvat		soksåmeh
sooppâđ soovâm suápá	sopia		sooppådö soovåm suäpä
soottâđ soođâm suátá	sotia		soottådö soodöåm suätä
soppijn	luutulla, rätillä		soppijn
sorolâš sorolii	surullinen		sorolåsö sorolii
sovskappeer	karvalakki		sovskappeer
sovâččii	sopisi		sovåcöcöii
speeijâl	peili		speeijål
spellâđ speelâm spiäl'lá	pelata		spellådö speelåm spiällä
spiijkár spijkkár	naula		spiijkär spijkkär
spääilih späilih	pailakka		spääilih späilih
sra'ŋgâttem, attr. sra'ŋgâttes	langaton		sranögåttem
steevvil	saapas		steevvil
steikkiđ steikkiim steikkee	paistaa		steikkidö steikkiim steikkee
steikkâ steeihâ	käristys		steikkå steeihå
stelliđ stelliim stellee	asettaa		stellidö stelliim stellee
stivriđ stivriim stivree	ohjata		stivridö
stormâ stoormâ	myrsky		stormå stoormå
stuŋgiittiđ stuŋgit	hyökätä		stunögiittidö stunögiittåm stunögit
stuullâđ stuulâm stulá	leikkiä, mekastaa		stuullådö
stuárráb	isompi		stuärräb
stuár'ráh	suuret		stuärräh
stuárráámus	suurin		stuärräämus
stye'res stuár'rá, attr. stuor'râ	suuri		styeres stuärrä, attr. stuorrå
styroksiuási –uási	styroksiosa		styroksiuäsi –uäsi
suddâđ suudâm suddá	sulaa		suddådö suudåm suddä
sudâškyet'tiđ –škuá'đám –škuát	alkaa sulaa		sudåsökyettidö sudåsökuädöäm sudåsökuätä
suijâ suujâ	syy		suijå suujå
suin	hänen kanssaan		suin
suitteđ su'itám suittá	olla varaa		suittedö suitäm suittä
sukkâr	sokeri		sukkår
sukkârijd	sokeria		sukkårijd
sukká suhá	sukka		sukkä suhä
sukkákođđeemeehid	sukankutomisilta		sukkäkodödöeemeehid
suo’vâpoccee	savupiippu		suo’våpoccee
suohâd	puuro		suohåd
suo'mâkielâ –kielâ	suomen kieli		suomåkielå -kielå
suo'pâlistiđ	lakaista		suopålistidö
suor'gâniđ suor'gân	pelästyä		suorgånidö suorgånåm suorgån
suor'mâ suormâ	sormi		suormå suormå
suor'mâhâs	sormus		suormåhås
suo'rmâiguin 	sormilla		suormåiguin 
suotâs suottâs, attr. suo'tâs	mukava		suotås suottås, attr. suotås
suovvâđ suovâm suává	sallia		suovvådö
suovâ suovâ	savu		suovå suovå
suptâ suuptâ	vaahto		suptå suuptå
surgâd, attr. surgâdis	surkea		surgåd, attr. surgådis
sust lii mielâ	hän haluaa		sust lii mielå
suttâđ suutâm suttá	suuttua		suttådö suutåm suttä
suu mielâst	hänen mielestään		suu mielåst
suudâi	suli		suudåi
suuhâ suuvâ	suku		suuhå suuvå
suuhâmkäärbis –kárbá	soutuvene		suuhåmkäärbis –kärbä
suuijâđ suujâm sojá	taipua		suuijådö suujåm sojä
suuitij	(hänellä) oli varaa		suuitij
suullân	noin		suullån
suunâttâllâđ	suunnitella		suunåttållådö suunåttålåm suunåttål
suvneđ su'vnám suvná	haistella		suvnedö suuvnäm suvnä
suvneliđ suvnel	haistaa (vähän)		suvnelidö suvnelåm suvnel
suáhi suávi mg. soovij	koivu		suähi suävi
suáit'tee	soittaja		suäittee
suái'ttiđ suáitám suáittá	soittaa		suäittidö suäitäm suäittä
suáittimpiergâs –pier'gâs	soitin		suäittimpiergås –piergås
Suáluijäävrist meddâl	Solojärveltä kotoisin		Suäluijäävrist meddål
suá'ládiđ suáláád	varastaa		suälädidö
suá'láduđ suá'láduum suá'láduvvoo	tulla varastetuksi		suälädudö
suáp'pee	sopiva		suäppee
suáp'puđ suápum suáp'pu	laskea verkot veteen		suäppudö suäpum suäppu
suáppuđ viermijd	heittää verkot		suäppudö viermijd
suáv'vil	harri		suävvil
suáv'vilid	harjusta		suävvilid
syei'nipargo –pa'rgo	heinätyö		syeinipargo -pargo
sye'jiluod'dâ –luodâ	suojatie		syejiluoddå –luodå
sye'le	salaa		syele
syem'milâš syem'milii	suomalainen		syemmilåsö syemmilii
sáhly sááhly	sähly		sähly säähly
sákku sááhu	sakko		säkku säähu
sälttikyeli –kye'le mg. –kuolij	suolakala		sälttikyeli -kyele
sälttipuolâšeh	kovat pakkaset		sälttipuolåsöeh
sämikiel	saamenkielinen		sämikiel
sämikielâ –kielâ	saamen kieli		
Sämitigge –tige	Saamelaiskäräjät		Sämitigge -tige
sämmilâš sämmilii	saamelainen		sämmilåsö sämmilii
säplig	hiiri, myyrä		säplig
säppiputtâl	mehupullo		säppiputtål
sárguđ sáárgum sárgu	piirtää		särgudö säärgum särgu
sá'rnudiđ sáárnud	jutella		särnudidö särnudåm säärnud
sárnuđ sáárnum sárnu	puhua		särnudö säärnum särnu
sárnumkielâ –kielâ	puhekieli		särnumkielå -kielå
sá'rnuttiđ sáárnut	puhuttaa		särnuttidö särnuttåm säärnut
sävni säävni mg. saavnij	sauna		sävni säävni
sávnuđ sáávnum sávnu	saunoa		sävnudö säävnum sävnu
sávnumeehid	saunailta		sävnumeehid
Säämi	Saamenmaa, Lappi		Säämi
Sáárá liäibum	Saaran leipoma		Säärä liäibum
šadda-uvks mihheen	tuleeko mitään		söadda-uvks mihheen
šaddeh	syntyvät		söaddeh
šapšâ šaapšâ	siika		söapsöå söaapsöå
še	myös		söe
šelgâd, attr. šelgâdis	selkeä		söelgåd
šeštiđ šiäštám šiäš'tá	säästää		söesötidö söiäsötäm söiäsötä
šiev	hyvä		söiev
šiev šoŋŋâ	hyvä sää		söiev söonönöå
šiev tääsi	hyvää tasoa		söiev tääsi
šievnáál	hyvin		söievnääl
šiiljon	pihaan		söiiljon
šiiveettáálu –táálu	karjatila		söiiveettäälu -täälu
šiljo ši'ljo	piha		söiljo söiljo
šiär'ráđ šiär'ráám šiär'ráá	loistaa		söiärrädö
škovlâ škoovlâ	koulu		sökovlå sökoovlå
škovlâlâš škovlâlii	koululainen		sökovlålåsö sökovlålii
škovlâpeivi –peeivi	koulupäivä		sökovlåpeivi –peeivi
šlantti šlaanti	kolikko		sölantti
šleđgâpostâ –poostâ	sähköposti		söledögåpostå -poostå
šleđgâtiŋgâ –tiiŋgâ	sähköesine		söledögåtinögå –tiinögå
šluvgeđ šlu'vgám šluvgá	pudistella		söluvgedö söluvgäm söluvgä
šoddâđ šoodâm šadda	tulla, syntyä		söoddådö söoodåm söadda
šoddâmpeivi –peeivi	syntymäpäivä		söoddåmpeivi -peeivi
šoŋŋâ šooŋâ	sää		söonönöå söoonöå
šoodâi	tuli (imperf.)		söoodåi
šušme šu'šme	kantapää		söusöme söusöme
šuá'hkádiđ šuáhkád	huokaista		söuähkädidö
šuá'mbistiđ šuámbist	höpöttää		söuämbistidö
taalhâs talkkâs	lääke		taalhås talkkås
taan tove	tällä kertaa		taan tove
taggaar	sellainen		taggaar
taid	niitä		taid
taiđijn	löysivät		taidöijn
tain	niistä, niistä		tain
takkâ koijâdmist	kiitos kysymästä		takkå koijådmist
takkâ povdiimist	kiitos kutsusta		takkå povdiimist
takkâ purrâmâšâst	kiitos ruuasta		Takkå purråmåsöåst!
taksi taaksi	taksi		taksi taaksi
taldrik	lautanen		taldrik
talle	sitten		talle
talvâsâš talvâsii	pakkasukko		talvåsåsö talvåsii
tane tane mg. toonij	tina		tane tane
ta'rbâšiđ taarbâš	tarvita		tarbåsöidö tarbåsöåm taarbåsö
ta'rbâšává	tarvitsevat (kaksikko)		tarbåsöävä
tarvaniđ tarvan	tarttua, takertua		tarvanidö tarvanåm tarvan
tarvanâddâđ	jäädä usein jumiin		tarvanåddådö
tavdâ taavdâ	tauti		tavdå
tavdâmerkkâ –meerhâ	oire		tavdåmerkkå
tave	pohjoinen		tave
tazâlig	sisilisko		tazålig
teddiđ tiädám tiäd'dá	painaa		teddidö
teddiliđ teddil	painaa (kerran)		teddilidö teddilåm teddil
tedâččiđ teedâš	painella		tedåcöcöidö tedåcöcöåm teedåsö
teejâ teejâ	tee		teejå teejå
teema	teema		teema
tego	niin kuin		tego
tehálâš tehálii	tärkeä		tehälåsö tehälii
teikâ	tai		teikå
teivâđ teeivâm tiäi'vá	tavata		teivådö teeivåm tiäivä
tejâpakkeet	teepaketti		tejåpakkeet
terppâđ teerpâm tiär'ppá	hakata, takoa		terppådö
tevdiđ tiävdám tiäv'dá	täyttää		tevdidö tiävdäm tiävdä
tie	siinä		tie
tiel'huu	pienen läntin (gen./akk.)		tielhuu
tiervâs tier'vâs	terve		tiervås tiervås
tie'rvâsvuotâkuávdáš –kuáv'dáá	terveyskeskus		tiervåsvuotåkuävdäsö
tie'rvâttiđ tiervât	tervehtiä		tiervåttidö tiervåttåm tiervåt
tiettiđ tiä'đám tiätá	tietää		tiettidö tiädöäm tiätä
tievvâđ tievâm tiävá	täyttyä		tievvådö tievåm tiävä
tie'vâdâskákku –kááhu	täytekakku		tievådåskäkku -käähu
tigguđ tigguum tiggoo	tinkiä		tiggudö
tihtâ tiivtâ	runo		tihtå tiivtå
tiiláđ tiiláám tiiláá	tilata		tiilädö tiilääm tiilää
tiiŋgâš tiŋgii	esine (pieni)		tiinögåsö tinögii
tiivrâs tivrâs, attr. ti'vrâs	kallis		tiivrås tivrås, attr. tivrås
tijjân	teille		tijjån
tijmepeeli –pele	puoli tuntia		tijmepeeli –pele
tikkur	villapaita		tikkur
times timmás, attr. timmâ	pehmeä		times timmäs, attr. timmå
tiŋgâ tiiŋgâ	esine		tinögå tiinögå
tipšođ ti'pšom tipšo	hoitaa		tipsöodö tipsöom tipsöo
tipšomaamnâs –amnâs	hoitoaine		tipsöomaamnås –amnås
tipteđ ti'ptám tiptá	sallia		tiptedö tiptäm tiptä
tiskâpevdi –peevdi	tiskipöytä		tiskåpevdi –peevdi
tiskáđ tiskáám tiskáá	tiskata		tiskädö tiskääm tiskää
tist	teillä		tist
tiškođ ti'škom tiško	läikyttää		tisökodö
tivottâh tivottuv	korjaamo		tivottåh tivottuv
tivvoo	korjaaja		tivvoo
tivvoođ tivom tivo	korjata		tivvoodö tivom tivo
tiä'đust-uv	tietenkin		tiädöust-uv
tiäl'kku tiälhu	läntti		tiälkku tiälhu
tiäl'láđ tiäl'láám tiäl'láá	asettaa, kattaa		tiällädö tiällääm tiällää
tiänáđ tiänáám tiänáá	tienata, ansaita rahaa		tiänädö tiänääm tiänää
tiättur	tietokone		tiättur
tiätturspellâ –speelâ	tietokonepeli		tiätturspellå
tiä'tumaašin	tietokone		tiätumaasöin
tiä'tuäŋgir, attr. tiä'tuäŋgiris	utelias		tiätuänögir, attr. tiätuänögiris
tobbeen	siellä		tobbeen
togobeht	siinä kohti		togobeht
tohhejeh	kelpaavat		tohhejeh
toho	sinne		toho
toideđ to'idám toidá	huuhdella		toidedö toidäm toidä
toimâđ tooimâm tuái'má	toimia		toimådö tooimåm tuäimä
to'imâttâshovdâ –hoovdâ	toimitusjohtaja		toimåttåshovdå –hoovdå
toin naalijn	sillä tavalla		toin naalijn
tolliđ tolliim tuál'lee	pitää kiinni		tollidö tolliim tuällee
ton puudâ	sillä aikaa		ton puudå
toohâđ toovâm taha	tehdä (jonkinlaiseksi)		toohådö 
toollâđ toolâm tuálá	pitää		toollådö toolåm tuälä
toomaatmääli –määli mg. –maalij	tomaattikeitto		toomaatmääli –määli
toommâđ toomâm tuámá	pitää kiirettä		toommådö toomåm tuämä
toos	siihen		toos
toppiđ toppiim tuáp'pee	napata		toppidö toppiim tuäppee
toppâđ toopâm tappa	sulkea		toppådö
tortti toorti	rukki		tortti toorti
tot	se		tot
tovben	tuolla		tovben
tovgâđ toovgâm tavga	kimmota		tovgådö
tovho	tuonne		tovho
tovle	muinoin		tovle
traktor	traktori		traktor
trendlâš trendlii	trendikäs		trendlåsö trendlii
tubdâđ tuubdâm tobdá	tuntea		tubdådö tuubdåm tobdä
tuhhiđ tuhhiim tohhee	kelvata		tuhhidö tuhhiim tohhee
tuhhiittempeivi –peeivi	hyväksymispäivä		tuhhiittempeivi -peeivi
tuhlediđ tuhled	tuhlata		tuhledidö tuhledåm tuhled
tulkkâđ tuulhâm tolkká	kyllästyä		tulkkådö
tullâpuál'dee	tulenpolttaja		tullåpuäldee
tullâsaggijn	tulitikulla		tullåsaggijn
tullâsäggi –säägi mg. –saagij	tulitikku		tullåsäggi –säägi
tulâstâllâđ	tulistella		tulåstållådö tulåstålåm tulåstål
tunjin	sinulle		tunjin
tuo'dârralli –raali	tunturiralli		tuodårralli –raali
tuođâi	todellisesti		tuodöåi
tuo'hâstiđ tuohâst	tuulastaa		tuohåstidö tuohåståm tuohåst
tuoi'juđ tuoi'juum tuái'joo	tehdä käsitöitä		tuoijudö
tuol'dâđ tuoldâm tuál'dá	kiehua		tuoldådö tuoldåm tuäldä
tuol'mâđ tuolmâm tuál'má	polkea		tuolmådö
tuol'mâmpyerá	polkupyörä		tuolmåmpyerä
tuol'mâmpyeráin	polkupyörällä		tuolmåmpyeräin
tuo'lmâstiđ tuolmâst	polkaista		tuolmåstidö tuolmåståm tuolmåst
tuo'lmâstiđ kaasu	painaa kaasua		tuolmåstidö kaasu
tuolvâs tuol'vâs, attr. tuol'vâ	likainen		tuolvås tuolvås, attr. tuolvå
tuon	tuon		tuon
tuossâđ tuosâm tuásá	valaista		tuossådö
tuos'tâđ tuostâm tuás'tá	uskaltaa		tuostådö
tuot	tuo		tuot
tuo'tâ	todellinen		tuotå
tuotâ tuođâ	tosiasia		tuotå tuodöå
tuov'ŋâđ tuovŋâm tuáv'ŋá	paikata		tuovnöådö
tupehärji –häärji mg. –haarjij	talon harja		tupehärji –häärji
turdođ tu'rdom turdo	sotkea		turdodö
turkkâ tuurhâ 	turkki		turkkå tuurhå 
tuše	vain		tusöe
tuššâđ tuušâm tuššá	tuhoutua, kuolla		tusösöådö
tutkâđ tuuđhâm totká  	tutkia		tutkådö tuudöhåm totkä  
tuuttâđ tuuđâm tutá	tyytyä		tuuttådö
tuuvees	tupansa		tuuvees
tuáijiđ tuá'jám tuájá	taitaa		tuäijidö
tuálvuba	viepä		tuälvuba
tuál'vuđ tuálvum tuál'vu	viedä		tuälvudö tuälvum tuälvu
tuáppuđ tuávum tuápu	poimia		tuäppudö
tuá'rispeln	ulkopuolella		tuärispeln
tuár'vi	tarpeeksi		tuärvi
tuáš'kuđ tuáskum tuáš'ku	taputtaa		tuäsökudö tuäskum tuäsöku
tuávtir tuáh'tár	lääkäri		tuävtir tuähtär
tyehin	takana		tyehin
tyeji tyeji	käsityö		tyeji
tye'jičeppi –čeepi	käsityöläinen		tyejicöeppi -cöeepi
tyelli tälli	silloin tällöin		tyelli tälli
tábáhtuđ tábáhtuum tábáhtuvá	tapahtua		täbähtudö täbähtuum täbähtuvä
tábáhtus	tapahtuma		täbähtus
tággáár	tällainen		täggäär
tähti täävti mg. taavtij	luu		tähti täävti
táhádâs	vakuutus		tähädås
täiđiđ tááiđám táiđá	löytää, osata perille, taitaa		täidöidö tääidöäm täidöä
täigi tääigi mg. taaigij	taikina		täigi tääigi mg. taaigij
tälvi täälvi	talvi		tälvi täälvi
tälviv	talvella		tälviv
tánssáđ tánssáám tánssáá	tanssia		tänssädö tänssääm tänssää
táppáđ táppáám táppáá	hävitä		täppädö
tärkki täärhi mg. taarhij, attr. tä'rhis	tarkka		tärkki täärhi, attr. tärhis
tärkkilubbooht	tarkemmin		tärkkilubbooht
tárukielâ –kielâ	norjan kieli		tärukielå -kielå
täsni tääsni mg. taasnij	tähti		täsni tääsni
táttuđ táátum táttu	tahtoa,meinata		tättudö täätum tättu
távjá	usein		tävjä
táválávt	tavallisesti		tävälävt
tääbbin	täällä		tääbbin
táágubeht	tässä kohti		täägubeht
tááijuđ táájum tááju	hassutella, pelleillä		tääijudö
tääl	nyt		tääl
táállud	taloa (part.)		täällud
táálu táálu	talo		täälu täälu
tááláá ääigi	nykyään		täälää ääigi
täävvir	tavara		täävvir
u’štus	näköjään		u’sötus
ubâ	koko (partikkeli)		ubå
ubâ liigin	taas onkaan		ubå liigin
ubâ paje	koko ajan		ubå paje
ucce uce, attr. uccâ	pieni		ucce uce, attr. uccå
ucceeb	pienempi, vähemmän		ucceeb
uccáá	vähän		uccää
ucâvettee	etsitte (kaksikko)		ucåvettee
uđâgâš uđâgáá	(linnun) poikanen 		udöågåsö udöågää
uigâdiđ uigâd	työntää (yhdesti)		uigådidö uigådåm uigåd
uigâđ uuigâm oigá	työntää		uigådö uuigåm oigä
uksâ uuvsâ	ovi		ukså uuvså
ulgguubel	ulkopuolelle		ulgguubel
ulgâ uulgâ	ulku		ulgå uulgå
ulmuid	ihmisiä, ihmisille		ulmuid
ustev	ystävä		ustev
uuccâđ uusâm ocá	etsiä		uuccådö uusåm ocä
uuđâs uđđâs, attr. uđđâ	uusi		uudöås udödöås, attr. udödöå
uuksân	oveen (ill.)		uuksån
uussâđ uusâm osá	poimia		
uussâđ kuob'bârijd	kerätä sieniä		uussådö kuobbårijd
uvnâpottáák	uuniperuna		uvnåpottääk
uvnâpotákkáin	uuniperunan kanssa		uvnåpotäkkäin
uáđ'đee	nukkuva		uädödöee
uáđđiđ uá'đám uáđá	nukkua		uädödöidö uädöäm uädöä
uáđđimviste –vi'ste	makuuhuone		uädödöimviste -viste
uáđ'đáđ uáđ'đáám uáđ'đáá 	nukahtaa		uädödöädö uädödöääm uädödöää 
uáđ'đám	nukahtaminen		uädödöäm
uáđ'đááččij	nukahtaisi		uädödöääcöcöij
uág'guđ uágum uág'gu	onkia		uäggudö uägum uäggu
uággum	onginta		uäggum
uái'neen	nähdään		uäineen
uái'niđ uáinám uái'ná	nähdä		uäinidö uäinäm uäinä
uáinojeh	näkyvät		uäinojeh
uáináh	näet; nimittäin		uäinäh
uái'vi uáivi	pää		uäivi uäivi
uái'vil	mielipide		uäivil
uái'vipoovčâs	päänsärky		uäivipoovcöås
uái'vipurrâmâššân	pääruuaksi		uäivipurråmåsösöån
uá'li	hyvin, todella		uäli
uá'li jo	todella		uäli jo
uá'mániđ uámmán	vanheta		uämänidö uämmän
uá'nihumos	lyhyin		uänihumos
uá'nihâš uá'niháá	lyhyt		uänihåsö uänihää
uá'nániđ uánnán	lyhentyä		uänänidö uänänåm uännän
uápis uá'ppá, attr. uá'pis	tuttu		uäpis uäppä, attr. uäpis
uáppee	oppilas		uäppee
uáppeid	oppilaille		uäppeid
uáppeiguin	oppilaiden kanssa		uäppeiguin
uá'pásmiđ uáppásm	tutustua		uäpäsmidö uäpäsmåm uäppäsm
uárji	lounas		uärji
uás'tiđ uástám uástá	ostaa		uästidö uästäm uästä
uástuslisto –li'sto	ostoslista		uästuslisto -listo
uásálistemmáksu –máávsu	osallistumismaksu		uäsälistemmäksu
uáž'žuđ uážum uáž'žu	saada		uäzözöudö uäzöum uäzözöu
uáž'žuvetteđ	saatte (monikko)		uäzözöuvettedö
vaalmâš valmâš, attr. va'lmâš	valmis		vaalmåsö valmåsö, attr. valmåsö
vaanhim	vanhempi		vaanhim
vaarâ vaarâ	vaara		vaarå vaarå
vaaskâ vaskâm	kinos		vaaskå vaskåm
vahâgittiđ	vahingoittaa		vahågittidö
vaibâđ vaaibâm váibá	väsyä		vaibådö vaaibåm väibä
vaibâm	väsynyt		vaibåm
vaijeeđ vajam vaja	jaksaa		vaijeedö vajam vaja
vaijer	vaijeri		vaijer
vala	vielä		vala
valjiđ 			valjidö 
valjiđ valjiim väljee	valita		valjidö valjiim väljee
valjiimin	valitsemassa		valjiimin
va'lmâšin	valmiiksi		valmåsöin
va'lmâštuđ va'lmâštuum va'mâštuvá	valmistua		valmåsötudö
varriđ varriim värree	muuttaa		varridö varriim värree
veeskir viäs'kár	eteinen		veeskir viäskär
veikkâ	vaikka		veikkå
veški veeški	kupari		vesöki veesöki
vie'hâ	aika		viehå
viehâv, attr. vie'hâvis	vahva (esim. ruuasta)		viehåv, attr. viehåvis
vie'lgisviini	valkoviini		vielgisviini
viel'gâd, attr. vie'lgis	valkoinen		vielgåd, attr. vielgis
viermi	verkko		viermi
vierrâđ vierâm viärá	vieriä		vierrådö
viestâr vies'târ	länsi		viestår
viež'žâđ viežâm viäž'žá	hakea		viezözöådö viezöåm viäzözöä
viež'žâmnáálá	haettavissa		viezözöåmnäälä
viggâđ viigâm viggá	pyrkiä		viggådö viigåm viggä
viijmâg	lopulta		viijmåg
viini	viini		viini
viirrâđ viirâm virá	kaatua		viirrådö viiråm virä
viiššâđ viišâm višá	viitsiä		viisösöådö
viljâ viiljâ	veli		viljå viiljå
vinnjood	vinossa		vinnjood
virkkuu, attr. virkkuus	virkeä		virkkuu
vi'rkosmuđ vi'rkosmuum vi'rkosmuvá	virkistyä		virkosmudö
virtuaalkirkko –ki'rho 	virtuaalikirkko		virtuaalkirkko –kirho 
virâmin	kaatumassa		viråmin
vissâ	varmaankin		visså
vissásávt	varmasti		vissäsävt
vist	taas, taasen		vist
viste vi'ste	huone		viste viste
vistekálvu –káálvu	huonekalu		vistekälvu
visteskippáár	asuintoveri, kämppis		visteskippäär
vistig	ensiksi		vistig
viäl'láđ viäl'láám viäl'láá	maata, makoilla		viällädö viällääm viällää
viär'dádâllâđ	vertailla		viärdädållådö viärdädålåm viärdädål
viä'rmástâllâđ	verkostella		viärmästållådö viärmästålåm viärmästål
viär'ráb	pahempi		viärräb
viär'ráá, attr. viär'ráás	paha		viärrää, attr. viärrääs
viäru viäru	vero		viäru viäru
voonnâđ voonâm vana	venyä		voonnådö voonåm vana
voorâs vorrâs, attr. vorâs	tuore		voorås vorrås, attr. vorås
vorrâ voorâ	veri		vorrå voorå
vuod	taas		vuod
vuo'i	voi (huudahdus)		vuoi
vuoijum	ajettu		vuoijum
vuoijâđ vuojâm vuájá	uida		vuoijådö
vuo'iŋâstiđ vuoiŋâst	levätä		vuoinöåstidö vuoinöåståm vuoinöåst
vuo'iŋâstâm	levännyt		vuoinöåståm
vuojij	ajoi		vuojij
vuojâ vuojâ	voi		vuojå vuojå
vuo'jâččiđ vuojâš	ajella		vuojåcöcöidö vuojåcöcöåm vuojåsö
vuojâleibi –leeibi	voileipä		vuojåleibi -leeibi
vuo'jâliđ vuoijâl	lähteä uimaan		vuojålidö
vuo'lgâttiđ vuolgât	lähettää		vuolgåttidö vuolgåttåm vuolgåt
vuo'lgâttij	lähetti		vuolgåttij
vuollâđ vuolâm vuálá	vuolla		vuollådö vuolåm vuälä
vuonjâš vuonnjâš	ankka, sorsa		vuonjåsö vuonnjåsö
vuoptah	hiukset		vuoptah
vuop'tâ vuoptâ	hius		vuoptå vuoptå
vuos'sâmuš vuos'sâmuu	ensimmäinen		vuossåmusö vuossåmuu
vuoššâđ vuošâm vuášá	keittää		vuosösöådö vuosöåm vuäsöä
vuot'tuđ vuot'tuum vuát'too	näkyä (jäljestä)		vuottudö vuottuum vuättoo
vuovâs	mukava		vuovås
vuovâs vuohâs, attr. vuo'vâs	mukava, sopiva		vuovås vuohås, attr. vuovås
vuá'đudempeivi –peeivi	perustamispäivä		vuädöudempeivi -peeivi
vuá'đuduđ vuá'đuduum vuá'đuduvvoo	tulla perustetuksi		vuädöududö
vuáijuđ vuájum vuáju	upota		vuäijudö vuäjum vuäju
vuálus	alas		vuälus
vuálááš vuáláá	alunen		vuälääsö vuälää
vuásku vuás'kun	ahven		vuäsku vuäskun
vuás'tá	vastaan, päin		vuästä
vuás'tá vuástá	juusto		vuästä vuästä
vuás'tálistiđ	vastustaa		vuästälistidö
vyeb'diđ vuábdám vuáb'dá	myydä		vyebdidö vuäbdäm vuäbdä
vyeb'dimnáál	myynnissä		vyebdimnääl
vyei'jee	ajaja		vyeijee
vyeijiđ vuá'jám vuájá	ajaa		vyeijidö vuäjäm vuäjä
vyei'jiliđ vyei'jil	lähteä ajamaan		vyeijilidö vyeijilåm vyeijil
vyeijimkorttâ –koortâ	ajokortti		vyeijimkorttå –koortå
vyeijimtijme –ti'jme	ajotunti		vyeijimtijme –tiijme
vyeijimtuđhos –tutkos	ajotutkinto		vyeijimtudöhos –tutkos
vyeittiđ vuáitám vuáit' tá	voittaa		vyeittidö
vye'je	aja (käskymuoto)		vyeje
vye'jedijn	ajaessa		vyejedijn
vyel'giđ vuálgám vuál'gá	lähteä		vyelgidö vuälgäm vuälgä
vye'likerdi –keerdi	alakerta		vyelikerdi –keerdi
vye'liškovlâ –škoovlâ	alakoulu		vyelisökovlå –sökoovlå
vyel'ni	alla		vyelni
vyer'diđ vuárdám vuár'dá	odottaa		vyerdidö vuärdäm vuärdä
vyerdimist	odotettavissa		vyerdimist
vyesi mg. vuosij	vasa		vyesi
vâi	vai, jotta		våi
váddu váádu	vika		väddu väädu
váhá	vähän		vähä
váiluđ vááilum váilu	puuttua		väiludö
váimu vááimu	sydän		väimu vääimu
väivi vääivi mg. vaaivij	vaiva		väivi vääivi
vä'ividiđ vääivid	vaivata		väivididö väividåm vääivid
váiváá, attr. váiváás	vaivalloinen		väivää, attr. väivääs
vájáldittiđ	unohtaa		väjäldittidö
vájálduđ vájálduum vájálduvá	unohtua		väjäldudö
válbur	vappu		välbur
väldiđ vááldám váldá	ottaa		väldidö vääldäm väldä
väldip	otamme (monikko)		väldip
váldáččij	ottaisi		väldäcöcöij
väridiđ väärrid	varata		värididö
väridiđ ääigi	varata aika		värididö ääigi
väririegis –riäg'gá	vararengas		väririegis – riäggä
väriviel'tti –vielti	(vaaran)rinne		värivieltti -vielti
várugâs	varovainen		värugås
várugávt	varovaisesti		värugävt
váruttiđ váárut	varoittaa		väruttidö väruttåm väärut
várás	varten		väräs
västideijee	vastaaja		västideijee
västidiđ västid	vastata		västididö västidåm västid
vástâdâs	vastaus		västådås
vástádâllâđ	vastailla		västädållådö västädålåm västädål
väzziđ váázám vázzá	kävellä		väzzidö vääzäm väzzä
väzziliđ väzzil	lähteä kävelemään		väzzilidö väzzilåm väzzil
väzzilává	lähtevät kävelemään (kaksikko)		väzzilävä
vääri	vaara, tunturi		vääri
äigi ääigi mg. aaigij	aika		äigi ääigi
äigikyevdil tiäđáttâs	ajankohtainen tiedotus		äigikyevdil tiädöättås
äigiájánâs	ajanviete		äigiäjänås
á'iguččim	haluaisin		äigucöcöim
áiguđ ááigum áigu	aikoa		äigudö ääigum äigu
äijih	ukko		äijih
Äijihjävri –jäävri mg. –jaavij	Ukonjärvi		Äijihjävri -jäävri
áimu ááimu	ilma		äimu ääimu
áinoo	ainoa		äinoo
áiru ááiru	airo		äiru ääiru
ájániđ ááiján	viipyä		äjänidö ääijän
ákku ááhu	mummo		äkku äähu
áldu ááldu	vaadin		äldu ääldu
älgiđ áálgám álgá	alkaa		älgidö äälgäm älgä
älkkee, attr. älkkees	helppo		älkkee, attr. älkkees
älkkeebeht	helpommin		älkkeebeht
älkkeht	helposti		älkkeht
áppádiđ áppád	pystyä		äppädidö äppäd
ärbivuáválâš	perinteinen		ärbivuävälåsö
ärgi äärgi mg. aargij, attr. ä'rgis	arka		ärgi äärgi
ármugâs	armias		ärmugås
äšši ääši mg. aašij	asia		äsösöi ääsöi
ävkki äävhi mg. aavhij	apu, hyöty		ävkki äävhi
ävttiđ áávtám ávttá	auttaa (johonkin tilanteeseen)		ävttidö äävtäm ävttä
ääigi	aikaan		ääigi
ááŋu ááŋu	hankain		äänöu äänöu
ääsih	asuvat (monikko)		ääsih
áávus	auki		äävus
